Product_Id,Product_Name,Product_Category,Product_Price,Product_Currency,EAN,Color,Size,Availability,Internal_ID
1,Thermostat Drone Heater,Kitchen Appliances,74,USD,8.62E+12,Orchid,Medium,backorder,38
2,Ultra Speaker Iron Grill Advanced One,Fitness Equipment,510,USD,3.06E+12,MediumSeaGreen,Small,backorder,27
3,Watch Headphones Kettle,Beauty & Personal Care,254,USD,9.83E+12,Lavender,XXL,pre_order,2
4,Portable Toaster Clock Monitor Silent,Makeup,69,USD,9.49E+12,Pink,XL,in_stock,94
5,Pro Toaster Oven,Automotive,525,USD,4.73E+12,LightCoral,XL,in_stock,95
6,Mini Speakerphone Mixer,Team Sports,413,USD,9.02E+12,OliveDrab,Medium,out_of_stock,44
7,Eco Cooler Printer Speaker Prime Prime,Health & Wellness,621,USD,4.12E+12,Moccasin,Extra Large,limited_stock,1
8,Webcam Trimmer Projector,Laptops & Computers,414,USD,4.97E+12,HoneyDew,XL,limited_stock,27
9,Silent Headphones Stove Wireless Air Clean,Home & Kitchen,858,USD,4.35E+12,Chocolate,5x7 in,discontinued,16
10,Wireless Charger Air Premium Ultra,Health & Wellness,153,USD,1.30E+12,MediumPurple,S,in_stock,4
11,Portable Fan Monitor Toaster Pro Smart Air,Health & Wellness,738,USD,5.52E+12,LightPink,12x18 in,limited_stock,44
12,Mini Iron Drone,Shoes & Footwear,367,USD,1.84E+12,WhiteSmoke,S,in_stock,44
13,Smart Grill Tablet Fridge Sense,Grooming Tools,867,USD,5.10E+12,SaddleBrown,XL,discontinued,37
14,Portable Grill Air Edge,Clothing & Apparel,356,USD,1.61E+12,DarkBlue,S,backorder,88
15,Premium Brush Scale Grill Plus Plus,Smartwatches,439,USD,6.13E+12,MintCream,M,out_of_stock,71
16,Vacuum Router Toaster,Team Sports,245,USD,3.51E+12,LightSeaGreen,L,out_of_stock,6
17,Digital Clock Lock Eco Premium Portable,Office Supplies,999,USD,1.29E+12,SeaShell,XL,in_stock,83
18,Fast Watch Microphone Microphone,Haircare,868,USD,9.79E+12,Fuchsia,M,limited_stock,66
19,Clean Dock Mixer Router,Toys & Games,411,USD,8.63E+12,Ivory,Large,discontinued,51
20,Cooker Brush,Headphones & Earbuds,280,USD,4.05E+12,Orchid,50x70 cm,limited_stock,39
21,Premium Cooler Premium Sense,"Accessories (Bags, Hats, Belts)",448,USD,3.40E+11,Magenta,M,in_stock,92
22,Digital Powerbank Rechargeable Wireless,Health & Wellness,612,USD,5.05E+12,SkyBlue,S,pre_order,38
23,Digital Drone Advanced,Clothing & Apparel,517,USD,1.14E+12,AliceBlue,Medium,discontinued,35
24,Automatic Thermostat Drone Heater,Kitchen Appliances,182,USD,7.05E+12,Lavender,XL,discontinued,75
25,Clean Webcam Powerbank Portable Compact,Toys & Games,935,USD,8.58E+12,MediumVioletRed,S,discontinued,14
26,Headphones,Team Sports,35,USD,8.97E+12,Salmon,Large,backorder,85
27,Fan Iron Cooker,Health & Wellness,926,USD,5.12E+12,SlateBlue,Large,limited_stock,16
28,Wireless Printer Fan Compact Plus,Home & Kitchen,934,USD,4.95E+12,SeaGreen,10x10 cm,out_of_stock,7
29,Ultra Projector Rechargeable,Books & Stationery,282,USD,4.83E+11,Khaki,S,pre_order,12
30,Blender Toaster Camera,Books & Stationery,90,USD,4.60E+12,Sienna,Large,in_stock,72
31,Treadmill,Toys & Games,537,USD,3.19E+12,DarkViolet,L,in_stock,93
32,Portable Webcam Powerbank Rechargeable Advanced,Fitness Equipment,177,USD,3.36E+12,Khaki,8x10 in,in_stock,24
33,Fan Phone,Camping & Hiking,335,USD,7.31E+11,SkyBlue,50x70 cm,pre_order,53
34,Pro Stove Eco Smart,Cycling,663,USD,3.78E+12,Crimson,XXL,discontinued,18
35,Charger,Fitness Equipment,596,USD,8.41E+12,Green,L,discontinued,86
36,Fan Phone,Laptops & Computers,385,USD,9.54E+12,Orchid,10x10 cm,pre_order,36
37,Fan Powerbank,Kids' Clothing,825,USD,8.78E+11,DarkSlateGray,8x10 in,backorder,38
38,Premium Router Lamp,Home Decor,245,USD,3.03E+12,SlateBlue,100x200 mm,in_stock,5
39,Smart Keyboard Toaster Monitor,Cameras & Accessories,573,USD,5.82E+12,DarkGoldenRod,Large,pre_order,98
40,Pro Iron Drone Ultra,Shoes & Footwear,536,USD,1.17E+12,GhostWhite,Medium,out_of_stock,53
41,Fan,Books & Stationery,783,USD,6.87E+12,Magenta,XS,backorder,48
42,Fast Cooler Prime Advanced,Team Sports,181,USD,1.91E+12,LightSlateGray,M,pre_order,32
43,Advanced Webcam Printer,"Accessories (Bags, Hats, Belts)",914,USD,8.00E+12,Cyan,12x18 in,in_stock,37
44,Premium Scooter,Team Sports,486,USD,2.46E+12,Aqua,12x18 in,in_stock,77
45,Eco Vacuum Iron Phone Clean One Max,Office Supplies,20,USD,1.19E+12,DarkOliveGreen,15x20 cm,in_stock,26
46,Clean Drone Heater Scanner Digital Eco Rechargeable,Kids' Clothing,162,USD,7.47E+12,ForestGreen,Extra Large,limited_stock,29
47,Portable Drone Heater Scanner Lite Premium,Office Supplies,363,USD,1.74E+12,PeachPuff,L,backorder,14
48,Ultra Brush,Makeup,818,USD,2.90E+12,DarkViolet,5x7 in,discontinued,5
49,Charger Lock Oven,Health & Wellness,84,USD,1.26E+12,MintCream,50x70 cm,backorder,80
50,Automatic Clock Lock Digital Touch,Automotive,549,USD,8.03E+12,PaleGreen,XS,out_of_stock,17
51,Cooker Cooler,Shoes & Footwear,643,USD,7.46E+12,DarkGoldenRod,L,limited_stock,94
52,Iron Heater,Headphones & Earbuds,459,USD,6.65E+12,Gainsboro,Extra Large,in_stock,38
53,Advanced Powerbank Touch Max,Office Supplies,273,USD,5.38E+12,DarkSlateBlue,100x200 mm,backorder,85
54,Digital Projector Oven Thermostat Pro,Laptops & Computers,306,USD,3.71E+12,Red,L,backorder,83
55,Eco Grill Automatic,Grooming Tools,976,USD,9.99E+12,Cornsilk,Small,limited_stock,45
56,Smart Tablet Speaker Scooter,Smartphones,980,USD,8.27E+12,PaleGreen,M,pre_order,63
57,Eco Toaster Oven Eco Compact Wireless,Clothing & Apparel,565,USD,6.96E+12,Cyan,L,in_stock,65
58,Premium Cooler Digital Max,Books & Stationery,887,USD,2.02E+12,Lime,Medium,out_of_stock,3
59,Clean Camera Drone Fan One Max,Men's Clothing,466,USD,8.75E+12,Salmon,12x18 in,out_of_stock,2
60,Fan Drone Monitor,Health & Wellness,542,USD,4.05E+12,PaleTurquoise,L,in_stock,3
61,Smart Heater Toaster Stove 360 Premium,Cameras & Accessories,919,USD,1.80E+12,White,8x10 in,backorder,25
62,Advanced Toaster Scanner,Bedding & Bath,310,USD,4.15E+12,Magenta,100x200 mm,out_of_stock,55
63,Automatic Camera Monitor Charger,Grooming Tools,873,USD,3.44E+12,Purple,15x20 cm,backorder,19
64,Wireless Grill Grill Silent,Kitchen Appliances,181,USD,8.03E+12,LightPink,XS,out_of_stock,26
65,Fast Clock Brush Prime,Fishing & Hunting,80,USD,8.26E+12,MediumBlue,S,limited_stock,57
66,Digital Keyboard,Smartphones,989,USD,7.00E+12,Tomato,100x200 mm,backorder,91
67,Fast Tablet,Furniture,567,USD,2.31E+12,SaddleBrown,50x70 cm,discontinued,26
68,Fan Powerbank,"Accessories (Bags, Hats, Belts)",660,USD,3.58E+12,LavenderBlush,12x18 in,backorder,69
69,Heater Radio,Men's Clothing,347,USD,8.96E+12,OldLace,100x200 mm,pre_order,47
70,Bicycle Scooter,Skincare,866,USD,2.03E+12,Red,15x20 cm,discontinued,44
71,Ultra Freezer Smart X Prime,Laptops & Computers,990,USD,2.24E+12,OliveDrab,Small,limited_stock,19
72,Advanced Drone Heater Scanner Wireless,"Accessories (Bags, Hats, Belts)",908,USD,2.84E+11,Aqua,Small,out_of_stock,5
73,Light Heater Clock,Home Decor,489,USD,2.38E+12,Chocolate,50x70 cm,pre_order,78
74,Smart Fan Touch Rechargeable Fast,Health & Wellness,971,USD,3.07E+12,OldLace,XS,backorder,81
75,Heater,Cleaning Supplies,757,USD,1.58E+12,Pink,S,discontinued,57
76,Silent Iron Monitor Eco,Automotive,892,USD,6.69E+12,DarkCyan,8x10 in,backorder,73
77,Eco Oven Mouse Cooler Touch Wireless Advanced,Laptops & Computers,348,USD,5.69E+12,DarkGoldenRod,Small,out_of_stock,75
78,Premium Charger Bicycle Fan Eco,Sports & Outdoors,769,USD,6.15E+12,Cornsilk,15x20 cm,limited_stock,28
79,Microphone Heater,Toys & Games,200,USD,5.32E+12,Aquamarine,XS,discontinued,85
80,Mixer,Fragrances,490,USD,9.86E+12,DarkOrange,8x10 in,discontinued,8
81,Advanced Thermostat Eco,Smartwatches,329,USD,5.35E+12,Bisque,S,discontinued,26
82,Eco Printer Advanced,Health & Wellness,576,USD,8.81E+12,Thistle,10x10 cm,backorder,29
83,Scanner Drone,Smartwatches,823,USD,8.85E+12,Moccasin,Small,in_stock,95
84,Eco Cooler Treadmill Rechargeable,Laptops & Computers,119,USD,8.88E+12,DarkSlateBlue,50x70 cm,discontinued,81
85,Fan,Health & Wellness,406,USD,8.90E+11,MidnightBlue,Small,pre_order,93
86,Mini Treadmill Dock Compact,Smartwatches,371,USD,9.90E+12,Pink,30x40 cm,in_stock,7
87,Portable Blender Wireless,Cycling,798,USD,7.20E+12,Silver,100x200 mm,limited_stock,92
88,Portable Iron Monitor Premium Pro Eco,Cycling,20,USD,7.30E+12,Thistle,XS,backorder,18
89,Scooter Scale Cooler,Fragrances,765,USD,6.29E+11,Magenta,15x20 cm,pre_order,4
90,Freezer,Home Decor,765,USD,9.68E+12,BlueViolet,XS,in_stock,93
91,Advanced Blender,Office Supplies,517,USD,9.93E+12,Gold,10x10 cm,out_of_stock,25
92,Digital Radio Radio Pro,Fragrances,536,USD,9.74E+12,Green,XS,out_of_stock,9
93,Ultra Kettle,Skincare,650,USD,1.64E+11,Brown,XXL,in_stock,72
94,Silent Lock Thermostat Air Touch,Fishing & Hunting,974,USD,9.23E+12,Turquoise,XS,discontinued,47
95,Iron,Makeup,59,USD,1.54E+12,DarkSlateGray,15x20 cm,in_stock,57
96,Digital Scanner Rechargeable Ultra Prime,Skincare,867,USD,3.82E+12,GhostWhite,Large,discontinued,25
97,Advanced Blender Toaster Camera,Cleaning Supplies,371,USD,5.27E+12,LightSlateGray,15x20 cm,limited_stock,38
98,Automatic Watch Thermostat Clean,Bedding & Bath,320,USD,5.35E+12,LightGray,XS,backorder,31
99,Microphone Treadmill Oven,Beauty & Personal Care,757,USD,1.10E+12,Bisque,8x10 in,backorder,98
100,Premium Powerbank Iron Brush Edge Prime,Smartphones,669,USD,8.99E+12,LavenderBlush,8x10 in,pre_order,99
101,Rechargeable Headphones X Lite 360,Haircare,829,USD,8.43E+12,Khaki,15x20 cm,backorder,47
102,Heater Mixer Shaver,Automotive,459,USD,5.01E+12,PapayaWhip,5x7 in,limited_stock,70
103,Compact Vacuum,Bedding & Bath,298,USD,6.10E+12,FireBrick,S,out_of_stock,22
104,Compact Mixer Freezer Trimmer,Kitchen Appliances,766,USD,5.64E+12,WhiteSmoke,10x10 cm,limited_stock,88
105,Pro Projector Mini Air,Haircare,594,USD,2.19E+12,PaleVioletRed,50x70 cm,limited_stock,85
106,Silent Fan Fast One,Toys & Games,969,USD,4.99E+12,Azure,L,out_of_stock,32
107,Wireless Projector Mini,Camping & Hiking,423,USD,9.06E+12,SeaShell,12x18 in,discontinued,17
108,Rechargeable Treadmill,Team Sports,494,USD,3.02E+12,MediumVioletRed,10x10 cm,limited_stock,70
109,Digital Toaster Scanner Touch,Automotive,729,USD,5.71E+12,GhostWhite,Large,backorder,48
110,Iron Thermostat,Grooming Tools,54,USD,9.10E+12,DarkGreen,Extra Large,discontinued,32
111,Eco Powerbank Digital Ultra,Kitchen Appliances,317,USD,1.48E+12,AliceBlue,Small,pre_order,38
112,Fast Fridge Mouse Monitor Silent,Fitness Equipment,566,USD,5.58E+12,Violet,15x20 cm,out_of_stock,48
113,Smart Mixer Lamp Premium,Sports & Outdoors,721,USD,3.73E+12,HotPink,50x70 cm,out_of_stock,1
114,Premium Powerbank Router Compact Pro Sense,Shoes & Footwear,469,USD,9.99E+12,DarkOrange,100x200 mm,backorder,11
115,Digital Fridge Fan Lamp Compact,Beauty & Personal Care,872,USD,3.48E+11,Cornsilk,S,limited_stock,50
116,Mouse,Automotive,674,USD,8.52E+12,NavajoWhite,15x20 cm,discontinued,21
117,Smart Lamp Prime Ultra,"Accessories (Bags, Hats, Belts)",931,USD,9.60E+12,SkyBlue,5x7 in,backorder,87
118,Portable Watch Go Lite,Books & Stationery,207,USD,2.92E+12,SteelBlue,15x20 cm,in_stock,45
119,Wireless Webcam Trimmer Projector Automatic Advanced Portable,Home Decor,393,USD,8.75E+12,Pink,5x7 in,in_stock,71
120,Ultra Fan Advanced,Home Decor,19,USD,3.03E+12,Tan,12x18 in,limited_stock,72
121,Pro Watch Fridge Ultra Digital,Sports & Outdoors,864,USD,1.82E+12,Gold,XL,pre_order,48
122,Eco Headphones Premium X,Fitness Equipment,349,USD,9.66E+12,SeaShell,15x20 cm,out_of_stock,38
123,Tablet Blender,Cycling,87,USD,9.29E+12,Violet,10x10 cm,pre_order,34
124,Pro Headphones Monitor,Clothing & Apparel,522,USD,6.97E+12,LawnGreen,XS,backorder,90
125,Digital Lamp Blender Drone,Women's Clothing,368,USD,8.73E+11,Maroon,5x7 in,limited_stock,41
126,Smart Scanner Tablet Radio,Smartphones,406,USD,6.62E+11,DarkSlateBlue,Large,discontinued,39
127,Stove Blender Oven,Clothing & Apparel,274,USD,9.16E+11,Red,8x10 in,in_stock,3
128,Pro Clock Brush Pro Wireless,Books & Stationery,823,USD,46957809952,Aqua,XL,limited_stock,48
129,Projector Freezer,"Accessories (Bags, Hats, Belts)",850,USD,4.81E+12,LightGoldenRodYellow,30x40 cm,discontinued,55
130,Fast Scanner Mouse Wireless Air Lite,Women's Clothing,384,USD,6.90E+12,SeaShell,30x40 cm,limited_stock,73
131,Silent Charger Tablet Brush,Fishing & Hunting,459,USD,3.62E+12,DimGray,10x10 cm,pre_order,18
132,Dock,Office Supplies,23,USD,4.59E+12,Thistle,50x70 cm,backorder,18
133,Dock Dock Trimmer,Cleaning Supplies,869,USD,5.54E+12,Lavender,Extra Large,discontinued,66
134,Premium Radio Rechargeable Max Mini,Books & Stationery,66,USD,2.97E+12,OliveDrab,XXL,in_stock,46
135,Smart Tablet Tablet Kettle Mini,Women's Clothing,859,USD,3.31E+12,Aqua,Medium,backorder,77
136,Ultra Mixer Freezer Trimmer Digital Wireless Plus,Headphones & Earbuds,519,USD,8.63E+12,PowderBlue,50x70 cm,discontinued,21
137,Smart Thermostat Camera Watch Smart One,Fishing & Hunting,146,USD,4.59E+12,Thistle,XS,backorder,84
138,Fast Drone Printer Tablet,Laptops & Computers,395,USD,2.31E+12,Cyan,Small,out_of_stock,33
139,Premium Blender Cooker Prime,Headphones & Earbuds,528,USD,1.88E+12,Crimson,L,out_of_stock,70
140,Advanced Freezer Clean,Health & Wellness,959,USD,3.72E+12,PowderBlue,10x10 cm,discontinued,89
141,Automatic Speaker Router Lamp Pro,Skincare,16,USD,2.83E+12,Violet,10x10 cm,limited_stock,40
142,Advanced Mixer Drone Fan Premium,Home Decor,608,USD,4.55E+11,Silver,XL,discontinued,43
143,Wireless Vacuum Cooler,Team Sports,854,USD,2.61E+12,MediumSeaGreen,Large,discontinued,36
144,Smart Router Lamp,Cleaning Supplies,385,USD,4.35E+12,SaddleBrown,10x10 cm,pre_order,69
145,Compact Bicycle Speakerphone Printer Prime 360,Beauty & Personal Care,361,USD,7.35E+12,Chartreuse,Large,in_stock,74
146,Digital Trimmer Clock X Digital Pro,Home Decor,225,USD,2.47E+11,Brown,Medium,pre_order,93
147,Mini Watch Headphones Kettle Max Portable X,Camping & Hiking,881,USD,2.94E+12,DarkBlue,M,in_stock,88
148,Wireless Speaker Keyboard,"Accessories (Bags, Hats, Belts)",848,USD,3.19E+12,Navy,XS,discontinued,51
149,Eco Thermostat Camera Watch,Cleaning Supplies,837,USD,7.46E+12,Linen,50x70 cm,backorder,91
150,Compact Camera One Mini Smart,Sports & Outdoors,709,USD,2.27E+12,HotPink,8x10 in,backorder,55
151,Silent Webcam Scooter,"Accessories (Bags, Hats, Belts)",946,USD,8.14E+12,MidnightBlue,XXL,in_stock,87
152,Drone,Home & Kitchen,355,USD,9.13E+12,DarkBlue,XL,out_of_stock,42
153,Automatic Clock Drone Charger,Toys & Games,357,USD,3.06E+12,PowderBlue,M,pre_order,40
154,Clean Watch Headphones Kettle Air Fast,Fragrances,45,USD,7.04E+12,OrangeRed,10x10 cm,discontinued,24
155,Mini Oven Drone,Sports & Outdoors,432,USD,9.48E+12,MediumTurquoise,M,in_stock,53
156,Portable Grill Tablet Fridge X Air,Bedding & Bath,249,USD,6.27E+12,LightCyan,Small,discontinued,40
157,Clean Thermostat Printer Premium Prime,Headphones & Earbuds,140,USD,9.23E+12,MediumTurquoise,100x200 mm,limited_stock,72
158,Ultra Lamp Clean Edge,Smartwatches,807,USD,9.38E+12,Lavender,Medium,out_of_stock,5
159,Fast Mouse Sense Smart,Skincare,622,USD,9.51E+11,RosyBrown,30x40 cm,backorder,58
160,Oven Scale,Men's Clothing,226,USD,6.13E+12,SandyBrown,XS,backorder,68
161,Rechargeable Cooler Mini Ultra,Makeup,82,USD,7.24E+12,Gray,8x10 in,out_of_stock,21
162,Phone,Haircare,489,USD,2.39E+12,Gainsboro,Small,out_of_stock,87
163,Iron Microphone,Women's Clothing,463,USD,4.69E+12,SaddleBrown,Large,backorder,15
164,Smart Drone Thermostat Headphones Touch Go Eco,Smartphones,505,USD,8.29E+12,Cornsilk,XL,in_stock,30
165,Mini Thermostat Webcam Bicycle,Headphones & Earbuds,891,USD,1.88E+12,DodgerBlue,M,in_stock,25
166,Speaker Iron Grill,Automotive,388,USD,3.24E+12,LavenderBlush,5x7 in,limited_stock,10
167,Automatic Headphones Fast Pro Rechargeable,Laptops & Computers,884,USD,5.83E+12,BlanchedAlmond,S,out_of_stock,60
168,Portable Toaster Scooter Air,Cleaning Supplies,26,USD,2.47E+12,DarkSlateGray,L,pre_order,14
169,Mini Webcam Trimmer Projector Digital Fast,Clothing & Apparel,847,USD,4.34E+12,MediumSpringGreen,12x18 in,out_of_stock,12
170,Toaster Light Monitor,Camping & Hiking,99,USD,6.60E+12,Gainsboro,8x10 in,out_of_stock,82
171,Compact Microphone Treadmill Oven Plus,Cleaning Supplies,435,USD,5.49E+11,MidnightBlue,30x40 cm,discontinued,68
172,Projector Freezer,Laptops & Computers,786,USD,1.08E+12,Gray,15x20 cm,limited_stock,75
173,Ultra Scooter,Smartphones,295,USD,5.98E+12,DarkBlue,S,discontinued,66
174,Premium Watch Grill Compact Ultra 360,Grooming Tools,583,USD,3.33E+12,GreenYellow,100x200 mm,limited_stock,38
175,Ultra Scooter Wireless Clean Touch,Bedding & Bath,884,USD,1.84E+12,WhiteSmoke,8x10 in,in_stock,32
176,Portable Heater Toaster Stove Fast,Home Decor,567,USD,9.95E+12,Fuchsia,L,pre_order,5
177,Smart Powerbank Iron Brush Wireless,Smartphones,488,USD,9.80E+12,Crimson,50x70 cm,pre_order,57
178,Ultra Camera Silent,Grooming Tools,256,USD,4.64E+12,Turquoise,XXL,discontinued,62
179,Pro Light Drone Fast Fast,Automotive,366,USD,3.77E+12,DarkViolet,Medium,limited_stock,94
180,Compact Drone Fast Lite Mini,Office Supplies,731,USD,6.54E+12,MediumTurquoise,50x70 cm,out_of_stock,17
181,Compact Radio,Fishing & Hunting,763,USD,6.49E+12,OrangeRed,XL,backorder,85
182,Smart Router Lamp 360 360 Silent,Grooming Tools,646,USD,1.31E+12,LightSalmon,Medium,backorder,64
183,Fridge Fan Lamp,Camping & Hiking,416,USD,1.25E+12,DarkCyan,30x40 cm,pre_order,45
184,Fan Clock Camera,Fragrances,583,USD,2.56E+12,HotPink,XS,backorder,92
185,Webcam Scooter,Headphones & Earbuds,229,USD,8.59E+12,Olive,15x20 cm,discontinued,57
186,Light Drone,Automotive,113,USD,2.88E+12,ForestGreen,Medium,pre_order,4
187,Automatic Charger Bicycle Cooker Mini Pro,Automotive,720,USD,4.78E+12,DeepPink,L,pre_order,77
188,Premium Blender Air,Sports & Outdoors,351,USD,9.75E+12,Tan,M,out_of_stock,3
189,Smart Scale Prime Air,Office Supplies,305,USD,1.24E+12,BlueViolet,L,out_of_stock,5
190,Monitor Light,Kitchen Appliances,302,USD,6.97E+12,SandyBrown,10x10 cm,backorder,60
191,Microphone Cooler,Cycling,565,USD,3.35E+12,SandyBrown,Large,backorder,11
192,Grill Tablet Fridge,Grooming Tools,326,USD,9.40E+12,OrangeRed,M,discontinued,68
193,Clean Bicycle Wireless Digital Lite,Fishing & Hunting,504,USD,9.44E+12,DarkSlateBlue,100x200 mm,limited_stock,18
194,Automatic Charger Bicycle Fan,Home & Kitchen,677,USD,9.05E+12,BlanchedAlmond,XL,pre_order,98
195,Pro Powerbank Cooker Iron Ultra,Fitness Equipment,991,USD,9.94E+12,OliveDrab,Large,limited_stock,1
196,Digital Scooter Rechargeable Clean Portable,Automotive,414,USD,7.19E+12,MintCream,XS,limited_stock,15
197,Compact Thermostat Microphone Scooter Silent,Books & Stationery,355,USD,3.68E+12,PaleGreen,15x20 cm,pre_order,52
198,Fast Mouse Digital Portable Plus,Home Decor,818,USD,7.42E+12,Salmon,XXL,in_stock,97
199,Automatic Watch Grill,"Accessories (Bags, Hats, Belts)",673,USD,4.89E+12,Teal,Small,pre_order,35
200,Wireless Printer Fan Air Lite Go,Makeup,748,USD,2.75E+12,Tan,5x7 in,out_of_stock,49
201,Pro Brush,Cameras & Accessories,525,USD,8.24E+12,Aqua,Large,discontinued,9
202,Smart Router,Bedding & Bath,742,USD,5.92E+11,LightSteelBlue,XL,discontinued,82
203,Eco Projector,Headphones & Earbuds,380,USD,8.25E+12,PaleVioletRed,S,limited_stock,85
204,Digital Grill Microphone Projector,Grooming Tools,869,USD,3.86E+12,Linen,Large,discontinued,86
205,Silent Mixer Treadmill Touch Smart Advanced,Skincare,318,USD,7.39E+12,WhiteSmoke,30x40 cm,limited_stock,87
206,Clean Radio Rechargeable,Haircare,297,USD,4.12E+12,Moccasin,XL,pre_order,27
207,Compact Clock Lock,Clothing & Apparel,575,USD,7.61E+12,DarkOrchid,M,backorder,76
208,Webcam Projector Oven,Home & Kitchen,998,USD,5.42E+12,NavajoWhite,Extra Large,limited_stock,8
209,Advanced Mouse Lamp 360,Furniture,45,USD,7.86E+12,DarkSlateGray,XS,pre_order,39
210,Automatic Heater Stove Scanner,Cameras & Accessories,622,USD,7.59E+12,DodgerBlue,XS,out_of_stock,23
211,Scooter,Smartwatches,232,USD,6.30E+12,DarkViolet,15x20 cm,backorder,31
212,Eco Camera,Furniture,805,USD,9.64E+12,Gainsboro,Extra Large,limited_stock,60
213,Fast Printer Lock Thermostat Automatic Go Digital,Haircare,938,USD,4.97E+12,Gray,XL,limited_stock,32
214,Automatic Lock Freezer,Smartphones,688,USD,3.27E+12,CornflowerBlue,50x70 cm,pre_order,49
215,Ultra Radio Eco,Kitchen Appliances,698,USD,2.65E+12,DarkMagenta,Small,out_of_stock,20
216,Clean Lock Thermostat,Office Supplies,77,USD,5.54E+12,IndianRed,L,out_of_stock,3
217,Fast Freezer Max,Health & Wellness,136,USD,2.81E+11,DarkOrchid,Medium,backorder,53
218,Mixer Treadmill,Home & Kitchen,680,USD,4.39E+12,Gainsboro,100x200 mm,pre_order,92
219,Thermostat Stove Lamp,Books & Stationery,934,USD,1.80E+12,Tomato,XL,discontinued,29
220,Wireless Dock Eco X Automatic,Camping & Hiking,342,USD,4.89E+12,SkyBlue,XXL,backorder,35
221,Dock Dock Trimmer,Fragrances,449,USD,9.67E+12,Gray,15x20 cm,pre_order,66
222,Silent Grill Grill Scale,Fishing & Hunting,612,USD,7.51E+12,Wheat,Extra Large,in_stock,79
223,Shaver Thermostat,Haircare,422,USD,4.95E+12,DarkMagenta,Small,out_of_stock,51
224,Digital Charger Cooker Thermostat Premium Portable,Shoes & Footwear,939,USD,4.24E+12,DodgerBlue,M,limited_stock,14
225,Premium Camera Keyboard Sense Lite Plus,Shoes & Footwear,224,USD,7.99E+12,DarkTurquoise,XXL,pre_order,46
226,Smart Lock Edge,Kitchen Appliances,44,USD,1.11E+12,ForestGreen,15x20 cm,limited_stock,42
227,Smart Heater Keyboard 360 360,Skincare,931,USD,3.98E+12,DarkOrchid,XXL,discontinued,73
228,Wireless Grill Brush Watch Pro,Books & Stationery,24,USD,2.58E+12,BlanchedAlmond,S,backorder,66
229,Premium Kettle Clean Smart Rechargeable,Smartwatches,467,USD,6.89E+12,DeepSkyBlue,XS,pre_order,64
230,Wireless Headphones Fast Lite Premium,Toys & Games,635,USD,3.70E+12,DarkSlateBlue,50x70 cm,in_stock,88
231,Smart Light Clean,Shoes & Footwear,447,USD,1.00E+12,ForestGreen,8x10 in,limited_stock,1
232,Smart Brush Blender Vacuum,Bedding & Bath,990,USD,7.52E+12,Tomato,50x70 cm,discontinued,76
233,Wireless Heater Monitor Max Clean,Toys & Games,447,USD,6.55E+12,Violet,30x40 cm,in_stock,25
234,Ultra Speakerphone Oven Air,"Accessories (Bags, Hats, Belts)",256,USD,7.72E+11,OldLace,L,in_stock,46
235,Smart Fan Monitor Toaster Advanced One 360,Camping & Hiking,609,USD,4.07E+12,DarkSalmon,50x70 cm,limited_stock,4
236,Wireless Camera Advanced,Fragrances,144,USD,4.37E+12,Bisque,XL,out_of_stock,76
237,Rechargeable Light Webcam Cooker Go,Clothing & Apparel,284,USD,1.74E+12,LimeGreen,XXL,discontinued,12
238,Ultra Oven Go Fast,Health & Wellness,707,USD,4.96E+12,Gold,15x20 cm,discontinued,80
239,Automatic Drone Silent Prime Premium,Clothing & Apparel,176,USD,7.17E+12,CornflowerBlue,Extra Large,pre_order,9
240,Eco Webcam Toaster Fast Prime Mini,Cleaning Supplies,636,USD,3.78E+11,BlanchedAlmond,Small,pre_order,70
241,Speaker Router Lamp,Cameras & Accessories,337,USD,1.26E+12,LightCyan,8x10 in,pre_order,2
242,Pro Scanner Monitor Treadmill,Team Sports,946,USD,7.29E+12,DeepSkyBlue,Large,discontinued,59
243,Portable Camera Edge,Health & Wellness,919,USD,9.37E+12,DeepPink,50x70 cm,out_of_stock,1
244,Projector,Home Decor,585,USD,2.56E+12,LightSeaGreen,M,in_stock,87
245,Rechargeable Watch Headphones Kettle,Men's Clothing,656,USD,5.61E+12,Fuchsia,Extra Large,limited_stock,57
246,Portable Headphones Edge,"Accessories (Bags, Hats, Belts)",442,USD,8.26E+12,SandyBrown,XXL,limited_stock,67
247,Digital Camera Drone Fan Smart Compact Air,Fitness Equipment,806,USD,6.01E+12,BlueViolet,10x10 cm,discontinued,8
248,Digital Projector Wireless Air Edge,Bedding & Bath,429,USD,9.34E+12,LightSkyBlue,L,pre_order,70
249,Smart Fan Lamp Automatic Fast Lite,Camping & Hiking,653,USD,484264721,LawnGreen,8x10 in,pre_order,2
250,Microphone,Men's Clothing,787,USD,8.47E+12,CornflowerBlue,Extra Large,backorder,96
251,Eco Brush Blender Vacuum Automatic Ultra,Home Decor,347,USD,6.84E+11,Chocolate,12x18 in,backorder,83
252,Ultra Clock Lock,Laptops & Computers,931,USD,2.22E+12,DarkSalmon,XL,backorder,76
253,Clean Fan Eco Fast Max,Smartphones,180,USD,2.21E+12,BlueViolet,30x40 cm,backorder,75
254,Fast Fan Go 360,Smartwatches,847,USD,8.94E+12,PapayaWhip,XL,out_of_stock,62
255,Scale,Headphones & Earbuds,562,USD,4.96E+12,PaleGoldenRod,12x18 in,backorder,28
256,Compact Keyboard Go,Clothing & Apparel,595,USD,7.07E+12,DarkRed,50x70 cm,pre_order,26
257,Digital Projector Oven Thermostat Advanced Eco Smart,Cleaning Supplies,380,USD,3.34E+12,Lavender,XL,backorder,94
258,Pro Speaker Powerbank Camera,Smartphones,503,USD,4.71E+12,MediumTurquoise,8x10 in,limited_stock,55
259,Rechargeable Lamp Freezer,Makeup,476,USD,5.94E+12,Olive,Medium,limited_stock,29
260,Keyboard Toaster Monitor,Laptops & Computers,662,USD,6.79E+12,SeaShell,100x200 mm,pre_order,71
261,Wireless Webcam,Home & Kitchen,790,USD,9.26E+12,Tomato,8x10 in,discontinued,21
262,Powerbank Brush Charger,Cycling,823,USD,4.95E+12,Beige,XL,limited_stock,17
263,Smart Camera Router Fan Go,Health & Wellness,9,USD,6.06E+12,Moccasin,100x200 mm,discontinued,69
264,Rechargeable Phone Grill,Health & Wellness,405,USD,2.91E+12,IndianRed,100x200 mm,pre_order,20
265,Kettle Brush Fan,Office Supplies,789,USD,2.20E+12,DodgerBlue,XL,backorder,81
266,Digital Bicycle Mini Rechargeable Digital,Books & Stationery,218,USD,4.41E+12,Turquoise,12x18 in,discontinued,34
267,Rechargeable Thermostat Oven,Clothing & Apparel,670,USD,7.93E+12,MistyRose,L,in_stock,86
268,Advanced Phone Speaker Blender Compact,Women's Clothing,508,USD,9.11E+12,LimeGreen,Medium,limited_stock,31
269,Premium Lamp Lamp Mini Prime,Home & Kitchen,614,USD,4.16E+12,DarkSeaGreen,Small,discontinued,55
270,Portable Microphone,Fragrances,188,USD,3.76E+12,LimeGreen,100x200 mm,out_of_stock,72
271,Ultra Thermostat Drone Heater Plus Smart Eco,Clothing & Apparel,866,USD,1.70E+12,AntiqueWhite,12x18 in,out_of_stock,44
272,Mini Lamp Monitor,Skincare,226,USD,6.16E+12,IndianRed,Extra Large,out_of_stock,80
273,Smart Powerbank Cooker Iron Advanced Go Go,Haircare,655,USD,4.04E+12,Orange,5x7 in,pre_order,41
274,Fast Radio Smart,Fragrances,534,USD,3.91E+12,MediumSeaGreen,50x70 cm,out_of_stock,97
275,Compact Brush,Automotive,684,USD,9.80E+12,LightCoral,30x40 cm,out_of_stock,62
276,Smart Toaster Pro,Headphones & Earbuds,405,USD,4.85E+12,PaleGreen,M,pre_order,72
277,Eco Webcam Dock Heater Go,Skincare,530,USD,7.11E+12,FireBrick,15x20 cm,out_of_stock,97
278,Eco Scale Trimmer Grill Edge,Clothing & Apparel,960,USD,9.61E+12,Ivory,8x10 in,in_stock,46
279,Pro Mouse Treadmill Phone Eco Portable Compact,Fitness Equipment,334,USD,4.34E+12,PaleTurquoise,100x200 mm,limited_stock,37
280,Wireless Dock Router Webcam Mini,Camping & Hiking,472,USD,3.74E+12,Green,30x40 cm,backorder,69
281,Silent Charger,Automotive,325,USD,9.49E+12,Bisque,8x10 in,in_stock,61
282,Trimmer Stove,Makeup,307,USD,5.31E+12,SteelBlue,15x20 cm,in_stock,74
283,Lock Charger,Automotive,206,USD,2.92E+12,Fuchsia,5x7 in,limited_stock,35
284,Light Headphones Tablet,Home & Kitchen,856,USD,2.36E+12,LightCoral,XS,pre_order,22
285,Automatic Lock Ultra,Books & Stationery,994,USD,1.84E+12,CadetBlue,12x18 in,backorder,33
286,Mini Mouse Monitor Phone Plus Wireless Wireless,Home & Kitchen,193,USD,9.50E+12,LavenderBlush,50x70 cm,in_stock,52
287,Rechargeable Watch Thermostat,Shoes & Footwear,296,USD,9.31E+12,NavajoWhite,XXL,discontinued,50
288,Thermostat Drone Heater,Smartwatches,738,USD,7.48E+12,CadetBlue,8x10 in,out_of_stock,3
289,Eco Thermostat,"Accessories (Bags, Hats, Belts)",325,USD,6.71E+11,Tan,8x10 in,out_of_stock,83
290,Treadmill Dock,Headphones & Earbuds,957,USD,7.05E+12,GoldenRod,XXL,limited_stock,13
291,Heater Stove Scanner,Cleaning Supplies,812,USD,7.51E+12,Chartreuse,M,pre_order,26
292,Compact Blender One,Women's Clothing,831,USD,9.52E+12,Gray,XS,backorder,67
293,Charger Lamp,Women's Clothing,405,USD,4.38E+11,LightSalmon,Small,out_of_stock,83
294,Premium Router Scanner,Automotive,55,USD,2.96E+12,DeepSkyBlue,XS,out_of_stock,26
295,Smart Phone Iron Speakerphone Prime Pro,Makeup,708,USD,9.16E+12,FireBrick,Small,in_stock,80
296,Smart Freezer Powerbank Watch Pro Lite Plus,Haircare,114,USD,5.92E+12,PaleVioletRed,XS,backorder,54
297,Radio,Women's Clothing,865,USD,1.23E+12,LavenderBlush,S,in_stock,36
298,Rechargeable Bicycle Prime,Home Decor,499,USD,9.88E+12,MediumSeaGreen,Large,pre_order,11
299,Radio Stove Shaver,Women's Clothing,520,USD,3.24E+12,DodgerBlue,10x10 cm,out_of_stock,61
300,Smart Dock,Furniture,913,USD,8.01E+11,SlateBlue,Small,backorder,5
301,Mouse Heater,Beauty & Personal Care,314,USD,6.24E+12,DeepSkyBlue,XS,pre_order,85
302,Webcam Scooter,Skincare,112,USD,7.12E+12,DarkSlateBlue,XXL,backorder,95
303,Eco Heater Monitor Sense Ultra Portable,Sports & Outdoors,442,USD,3.13E+12,MediumVioletRed,M,backorder,69
304,Mini Fridge Freezer Plus,Headphones & Earbuds,516,USD,4.57E+12,SaddleBrown,XS,backorder,93
305,Clean Webcam Ultra Go,Women's Clothing,666,USD,3.87E+12,LightBlue,50x70 cm,in_stock,41
306,Eco Charger Eco,Furniture,20,USD,2.24E+11,LimeGreen,30x40 cm,backorder,97
307,Premium Mixer Vacuum Sense Premium X,"Accessories (Bags, Hats, Belts)",89,USD,5.95E+11,SpringGreen,XS,limited_stock,14
308,Smart Fridge Go,Shoes & Footwear,784,USD,2.07E+12,LightSeaGreen,Small,backorder,31
309,Premium Bicycle Wireless 360 Touch,Health & Wellness,978,USD,4.85E+12,BlanchedAlmond,Large,backorder,52
310,Scale Stove,Grooming Tools,362,USD,9.96E+12,LightPink,100x200 mm,out_of_stock,2
311,Ultra Clock Drone Charger Prime,Furniture,724,USD,5.09E+12,Salmon,M,in_stock,10
312,Wireless Scooter Scale Cooler Smart Edge,Health & Wellness,449,USD,6.99E+12,Bisque,8x10 in,out_of_stock,2
313,Smart Watch Tablet Printer,Home Decor,632,USD,7.01E+12,LightSkyBlue,Medium,discontinued,51
314,Ultra Iron Monitor Smart Eco Smart,Grooming Tools,568,USD,7.99E+12,Aqua,100x200 mm,in_stock,63
315,Rechargeable Heater,Men's Clothing,944,USD,2.30E+12,PeachPuff,100x200 mm,out_of_stock,81
316,Ultra Radio Iron,Cleaning Supplies,604,USD,4.34E+12,CadetBlue,XXL,discontinued,50
317,Silent Scale Portable 360 Pro,Beauty & Personal Care,443,USD,5.61E+12,LimeGreen,Extra Large,backorder,68
318,Fast Thermostat Microphone Scooter Plus,Cleaning Supplies,817,USD,1.74E+12,LightGray,10x10 cm,out_of_stock,41
319,Drone Heater Scanner,Books & Stationery,783,USD,6.89E+11,LightGray,10x10 cm,discontinued,23
320,Eco Dock Trimmer,Men's Clothing,106,USD,1.19E+12,Coral,5x7 in,backorder,43
321,Charger,Bedding & Bath,411,USD,6.23E+12,DarkOrchid,Small,limited_stock,50
322,Wireless Camera Touch,Fragrances,68,USD,4.43E+12,SandyBrown,50x70 cm,limited_stock,62
323,Silent Clock Lock Lite Rechargeable Digital,Health & Wellness,272,USD,9.99E+12,PapayaWhip,8x10 in,limited_stock,74
324,Smart Toaster Clock Monitor 360 Sense,Home Decor,773,USD,6.03E+12,DarkRed,100x200 mm,pre_order,35
325,Eco Webcam Projector Lock,Cycling,49,USD,5.03E+12,Yellow,XL,pre_order,33
326,Premium Powerbank Radio Lite Prime,Makeup,996,USD,2.19E+12,BlanchedAlmond,M,out_of_stock,6
327,Mini Scale Treadmill,Cameras & Accessories,882,USD,3.49E+12,DeepPink,12x18 in,in_stock,40
328,Advanced Scanner Drone Go Max,Health & Wellness,932,USD,9.14E+12,FloralWhite,50x70 cm,in_stock,79
329,Portable Drone Thermostat Headphones 360 Touch Max,Home Decor,593,USD,5.53E+12,Khaki,30x40 cm,limited_stock,79
330,Rechargeable Shaver Drone Premium,Automotive,206,USD,4.17E+12,LightGreen,S,pre_order,18
331,Pro Mouse Mouse Router Lite Mini,Automotive,246,USD,9.73E+12,GhostWhite,15x20 cm,out_of_stock,76
332,Smart Projector,Bedding & Bath,374,USD,2.26E+12,Crimson,XL,discontinued,8
333,Smart Oven Speaker Fan Clean Wireless,Clothing & Apparel,701,USD,7.61E+12,Moccasin,M,backorder,95
334,Automatic Trimmer Stove Smart Smart,Clothing & Apparel,663,USD,7.72E+12,Cyan,50x70 cm,pre_order,25
335,Digital Drone Eco Rechargeable,Home Decor,117,USD,4.66E+12,DarkGreen,100x200 mm,backorder,52
336,Mini Cooler Fan X,Smartwatches,916,USD,5.43E+12,SkyBlue,15x20 cm,pre_order,25
337,Automatic Dock Mixer Router Mini,Bedding & Bath,539,USD,5.29E+11,DarkOrchid,15x20 cm,out_of_stock,56
338,Mini Drone Heater Scanner Premium Max Ultra,Furniture,225,USD,1.05E+12,MediumOrchid,Large,out_of_stock,76
339,Premium Watch Camera Go Premium,Grooming Tools,599,USD,1.62E+12,DeepSkyBlue,S,backorder,94
340,Rechargeable Toaster Clock Monitor Prime Eco,Fishing & Hunting,858,USD,9.08E+12,PaleTurquoise,Medium,discontinued,14
341,Tablet,Fishing & Hunting,840,USD,3.79E+12,Ivory,5x7 in,backorder,48
342,Fan Drone Monitor,Home Decor,365,USD,1.63E+12,Silver,L,backorder,15
343,Advanced Oven Speaker Fan,Laptops & Computers,473,USD,7.37E+12,Navy,10x10 cm,pre_order,76
344,Premium Scooter Bicycle Oven Smart Ultra,Cycling,453,USD,3.89E+12,SeaGreen,5x7 in,pre_order,74
345,Smart Phone Grill,Kids' Clothing,388,USD,5.41E+12,Plum,M,out_of_stock,92
346,Clean Watch Microphone Microphone Mini Wireless Compact,Books & Stationery,676,USD,4.17E+11,DarkKhaki,15x20 cm,in_stock,65
347,Silent Cooker Mouse Bicycle,Cycling,952,USD,2.84E+12,Peru,12x18 in,discontinued,3
348,Trimmer Cooler,Headphones & Earbuds,292,USD,8.80E+12,Magenta,10x10 cm,out_of_stock,93
349,Pro Speaker Router Lamp,Kitchen Appliances,313,USD,1.21E+11,IndianRed,Small,out_of_stock,82
350,Mini Drone Printer Portable Wireless Automatic,Haircare,653,USD,7.44E+12,OrangeRed,Extra Large,discontinued,52
351,Mini Radio Mixer Lite,Home & Kitchen,100,USD,4.31E+12,MediumTurquoise,Small,pre_order,17
352,Mini Router Freezer Webcam Air Max Edge,Books & Stationery,909,USD,3.73E+12,PaleVioletRed,8x10 in,out_of_stock,10
353,Compact Phone Scooter,Cycling,803,USD,3.88E+12,MidnightBlue,10x10 cm,in_stock,82
354,Silent Mouse Radio Light,Cameras & Accessories,957,USD,6.03E+12,RosyBrown,XXL,backorder,34
355,Wireless Clock Advanced Rechargeable,Cleaning Supplies,899,USD,7.06E+12,Gray,15x20 cm,backorder,36
356,Fridge,Kitchen Appliances,529,USD,8.50E+12,Chartreuse,S,backorder,43
357,Clock Drone Charger,Team Sports,489,USD,6.39E+12,LightSkyBlue,15x20 cm,in_stock,18
358,Automatic Scooter Microphone Wireless Compact Smart,Cleaning Supplies,325,USD,4.43E+12,RoyalBlue,Small,pre_order,79
359,Smart Vacuum Lite Rechargeable Prime,Kids' Clothing,755,USD,1.14E+12,Navy,12x18 in,out_of_stock,87
360,Advanced Mixer Vacuum Wireless,Furniture,32,USD,7.35E+12,Azure,Medium,in_stock,50
361,Silent Powerbank Sense Compact Rechargeable,Office Supplies,433,USD,4.61E+12,LightPink,L,out_of_stock,33
362,Fan Drone Monitor,Smartphones,979,USD,8.01E+12,OrangeRed,Medium,in_stock,42
363,Smart Lamp Freezer Prime Advanced Clean,Cycling,643,USD,8.32E+12,YellowGreen,XS,limited_stock,43
364,Projector,Books & Stationery,718,USD,6.78E+12,BlueViolet,10x10 cm,out_of_stock,36
365,Digital Mixer Heater Wireless Rechargeable,Grooming Tools,345,USD,9.65E+12,WhiteSmoke,8x10 in,discontinued,10
366,Dock,Beauty & Personal Care,944,USD,9.27E+12,FireBrick,15x20 cm,pre_order,2
367,Rechargeable Brush Scanner Wireless Plus,Cleaning Supplies,776,USD,3.04E+12,Tomato,Small,discontinued,71
368,Ultra Scale Toaster,Fishing & Hunting,75,USD,1.89E+12,MediumOrchid,XL,discontinued,3
369,Smart Vacuum Iron Phone Pro,Men's Clothing,337,USD,6.52E+12,Lavender,L,limited_stock,38
370,Advanced Webcam Cooker Toaster Smart,"Accessories (Bags, Hats, Belts)",533,USD,6.04E+12,Tomato,100x200 mm,discontinued,74
371,Ultra Cooker 360 Eco Pro,Smartphones,999,USD,2.69E+12,SeaGreen,L,backorder,11
372,Rechargeable Grill Trimmer Eco,"Accessories (Bags, Hats, Belts)",69,USD,3.37E+12,PowderBlue,10x10 cm,limited_stock,85
373,Advanced Powerbank Scooter Rechargeable Air,Kitchen Appliances,576,USD,9.26E+12,Pink,L,backorder,21
374,Mini Dock 360 One Premium,Cycling,215,USD,6.08E+12,MediumPurple,Large,pre_order,60
375,Advanced Radio Smart Compact One,Health & Wellness,301,USD,9.94E+12,DeepPink,15x20 cm,backorder,34
376,Premium Powerbank Scooter Rechargeable Edge Eco,Cycling,890,USD,4.40E+12,LemonChiffon,5x7 in,out_of_stock,29
377,Portable Lock Blender,Makeup,290,USD,8.20E+12,MediumSeaGreen,50x70 cm,pre_order,10
378,Watch,Laptops & Computers,369,USD,5.86E+12,DarkSlateGray,XXL,discontinued,56
379,Clean Scooter Scale Cooler Portable Smart,Furniture,147,USD,6.87E+12,DarkCyan,Extra Large,limited_stock,95
380,Clean Powerbank Cooker Iron Lite,Kitchen Appliances,685,USD,9.92E+12,SlateGray,15x20 cm,out_of_stock,85
381,Phone Speaker Blender,Smartwatches,392,USD,3.64E+12,Lime,Extra Large,backorder,55
382,Clean Phone Speaker Blender Touch Wireless,Haircare,988,USD,3.08E+12,Linen,12x18 in,in_stock,84
383,Digital Treadmill Smart Edge Pro,Grooming Tools,160,USD,8.10E+12,Sienna,Small,in_stock,68
384,Portable Lamp One Prime One,Cameras & Accessories,854,USD,3.72E+12,Black,M,backorder,65
385,Lock Freezer,Home Decor,296,USD,8.20E+12,SlateGray,M,limited_stock,80
386,Blender Cooker,Health & Wellness,841,USD,6.47E+12,DarkViolet,5x7 in,pre_order,70
387,Keyboard Freezer,Furniture,423,USD,9.77E+12,Gainsboro,XXL,limited_stock,61
388,Smart Clock Brush Prime,Fragrances,761,USD,7.59E+12,Linen,100x200 mm,discontinued,38
389,Advanced Kettle Plus,Smartphones,421,USD,8.29E+12,RoyalBlue,XXL,in_stock,1
390,Wireless Radio Treadmill,Shoes & Footwear,631,USD,2.68E+12,DarkSlateGray,50x70 cm,limited_stock,51
391,Wireless Speakerphone Eco Smart,Fragrances,123,USD,8.14E+12,OliveDrab,Large,limited_stock,41
392,Fast Clock Sense Go,Kitchen Appliances,301,USD,1.76E+12,Purple,XL,pre_order,68
393,Powerbank Brush Charger,Health & Wellness,102,USD,2.75E+12,LightSkyBlue,8x10 in,limited_stock,12
394,Rechargeable Kettle Brush Fan Max,Cycling,363,USD,2.55E+12,LawnGreen,Extra Large,pre_order,67
395,Wireless Radio Smart Air Prime,Skincare,206,USD,9.76E+12,PaleVioletRed,Extra Large,pre_order,15
396,Charger Bicycle Fan,Haircare,276,USD,5.02E+12,DarkGoldenRod,S,discontinued,78
397,Charger Lamp,Cycling,38,USD,8.78E+12,Cyan,XS,in_stock,15
398,Radio,Kitchen Appliances,673,USD,1.73E+12,HotPink,Large,in_stock,49
399,Smart Bicycle Speakerphone Printer,Home & Kitchen,878,USD,6135946916,Magenta,30x40 cm,discontinued,13
400,Pro Headphones Monitor Rechargeable Pro Go,"Accessories (Bags, Hats, Belts)",624,USD,3.25E+12,Gainsboro,S,pre_order,84
401,Fast Powerbank Mini Sense,Fishing & Hunting,770,USD,3.68E+12,Red,5x7 in,discontinued,15
402,Digital Camera Drone Fan Digital Mini Rechargeable,Beauty & Personal Care,163,USD,7.66E+12,Azure,Small,limited_stock,17
403,Portable Mouse Rechargeable,Men's Clothing,540,USD,4.82E+12,DarkGoldenRod,M,discontinued,93
404,Wireless Scooter Advanced Plus,Automotive,910,USD,4.22E+12,SpringGreen,30x40 cm,backorder,47
405,Grill Phone,Shoes & Footwear,551,USD,3.79E+12,GoldenRod,10x10 cm,pre_order,26
406,Mini Cooler,Cycling,201,USD,1.69E+12,Turquoise,M,backorder,47
407,Automatic Charger Lamp Ultra,Haircare,322,USD,6.23E+12,Gold,L,discontinued,1
408,Compact Microphone Lamp Speaker Clean Wireless,Haircare,383,USD,5.21E+12,Orchid,50x70 cm,in_stock,86
409,Fast Cooler Sense Premium,Kitchen Appliances,318,USD,5.58E+12,PaleGoldenRod,L,discontinued,93
410,Rechargeable Cooler Vacuum Wireless Premium,Books & Stationery,289,USD,6.47E+12,SaddleBrown,L,backorder,57
411,Compact Scanner Shaver Powerbank Advanced One Mini,Home Decor,478,USD,4.66E+12,Moccasin,XXL,in_stock,41
412,Portable Toaster Scanner,Grooming Tools,721,USD,19467183409,RoyalBlue,12x18 in,backorder,71
413,Fast Shaver Mouse Lite Lite Plus,Camping & Hiking,227,USD,4.37E+12,MediumAquaMarine,Small,pre_order,40
414,Fast Heater Touch,Sports & Outdoors,460,USD,4.77E+12,PaleTurquoise,Medium,in_stock,34
415,Portable Trimmer Stove One Premium,Furniture,500,USD,1.41E+12,DarkSlateGray,10x10 cm,out_of_stock,58
416,Smart Speakerphone Stove Tablet Advanced Wireless,Haircare,610,USD,1.30E+12,Tan,XXL,discontinued,38
417,Advanced Fan Thermostat Edge,Cleaning Supplies,413,USD,7.86E+12,Violet,Large,limited_stock,74
418,Monitor,Smartphones,812,USD,4.42E+12,PaleVioletRed,30x40 cm,out_of_stock,64
419,Advanced Fridge Fan Lamp Ultra X,Home & Kitchen,474,USD,7.68E+12,Orchid,30x40 cm,backorder,66
420,Automatic Cooler Treadmill,Laptops & Computers,840,USD,8.19E+12,DarkRed,XXL,backorder,52
421,Microphone Clock,Health & Wellness,146,USD,4.30E+12,CornflowerBlue,100x200 mm,limited_stock,67
422,Ultra Vacuum,Toys & Games,287,USD,6.45E+12,Brown,5x7 in,in_stock,31
423,Advanced Cooler Lite 360 Sense,Men's Clothing,837,USD,4.22E+12,OldLace,30x40 cm,limited_stock,16
424,Grill,Haircare,403,USD,2.95E+12,DarkOrchid,5x7 in,in_stock,92
425,Heater,Beauty & Personal Care,601,USD,3.57E+12,ForestGreen,50x70 cm,in_stock,40
426,Blender Blender,Fragrances,463,USD,3.11E+12,Yellow,XL,in_stock,97
427,Smart Freezer Pro Digital Automatic,Cameras & Accessories,560,USD,9.47E+12,MediumPurple,8x10 in,discontinued,58
428,Advanced Webcam Printer Prime Portable Air,Cameras & Accessories,489,USD,2.46E+12,Khaki,XXL,in_stock,96
429,Portable Keyboard Freezer,Grooming Tools,544,USD,5.68E+12,SeaGreen,Large,pre_order,32
430,Phone,Cycling,118,USD,2.61E+11,LightYellow,Large,out_of_stock,48
431,Portable Dock Eco Eco Eco,Fishing & Hunting,21,USD,7.21E+12,LightSlateGray,5x7 in,out_of_stock,30
432,Ultra Powerbank Brush Charger,Health & Wellness,560,USD,7.20E+12,Tomato,Extra Large,discontinued,36
433,Brush Blender Vacuum,Automotive,229,USD,9.52E+12,DarkRed,100x200 mm,discontinued,49
434,Rechargeable Heater Monitor Plus Prime,Makeup,952,USD,2.06E+12,DimGray,L,pre_order,26
435,Compact Toaster Light Monitor,Camping & Hiking,309,USD,4.77E+12,Olive,5x7 in,limited_stock,17
436,Ultra Blender Toaster Camera Plus Fast,Camping & Hiking,256,USD,1.53E+12,Gold,12x18 in,pre_order,86
437,Silent Dock Mixer Router Edge,Toys & Games,805,USD,1.63E+12,Salmon,30x40 cm,discontinued,74
438,Advanced Scanner Drone Premium Advanced,Smartphones,379,USD,1.35E+12,OrangeRed,XL,pre_order,56
439,Automatic Keyboard Toaster Monitor Plus Smart Clean,Cleaning Supplies,668,USD,2.91E+12,BlueViolet,L,limited_stock,48
440,Pro Toaster Oven Sense Eco Mini,Headphones & Earbuds,860,USD,8.12E+12,PowderBlue,100x200 mm,backorder,49
441,Wireless Keyboard Kettle,Skincare,160,USD,2.55E+11,Tan,M,limited_stock,7
442,Portable Vacuum Lite,Kitchen Appliances,95,USD,4.55E+12,LightGoldenRodYellow,Extra Large,discontinued,61
443,Clean Powerbank Clean Ultra 360,Clothing & Apparel,688,USD,5.29E+12,MintCream,15x20 cm,in_stock,23
444,Portable Headphones Air One Compact,Makeup,297,USD,8.74E+12,Sienna,5x7 in,out_of_stock,76
445,Digital Thermostat Iron Go,Home & Kitchen,852,USD,6.43E+12,GreenYellow,XS,limited_stock,10
446,Monitor Light,Home Decor,476,USD,7.98E+12,Silver,10x10 cm,discontinued,48
447,Mini Printer Sense Prime Go,Makeup,514,USD,8.55E+12,Azure,50x70 cm,pre_order,45
448,Premium Headphones Portable,Laptops & Computers,498,USD,8.09E+12,Crimson,M,backorder,7
449,Oven Scale,Beauty & Personal Care,805,USD,5.15E+12,Indigo,100x200 mm,in_stock,24
450,Automatic Headphones Stove X,Kids' Clothing,887,USD,5.73E+12,CadetBlue,8x10 in,pre_order,1
451,Eco Brush,Women's Clothing,94,USD,5.72E+12,DarkOrange,10x10 cm,backorder,20
452,Digital Lamp Freezer Ultra 360 Pro,Cycling,245,USD,6.02E+12,SkyBlue,Small,out_of_stock,81
453,Wireless Phone 360 Mini,Clothing & Apparel,17,USD,1.52E+12,Ivory,10x10 cm,discontinued,96
454,Smart Lock Bicycle Clean Touch,Women's Clothing,670,USD,1.91E+12,FloralWhite,Large,backorder,7
455,Eco Keyboard Go Mini Silent,Cameras & Accessories,472,USD,7.27E+12,Snow,8x10 in,limited_stock,51
456,Dock,Beauty & Personal Care,129,USD,7.41E+12,Turquoise,L,limited_stock,85
457,Smart Dock Trimmer,Kitchen Appliances,172,USD,9.75E+12,DarkOrchid,Medium,limited_stock,7
458,Digital Headphones Monitor Premium Advanced,Books & Stationery,382,USD,8.17E+12,BlueViolet,10x10 cm,backorder,1
459,Vacuum,Fragrances,34,USD,9.28E+11,RosyBrown,8x10 in,discontinued,88
460,Ultra Iron Digital Max,Books & Stationery,401,USD,5.09E+12,ForestGreen,Large,limited_stock,53
461,Keyboard,Kitchen Appliances,428,USD,5.68E+12,LightCoral,Small,limited_stock,20
462,Silent Powerbank Lite Plus Clean,Home Decor,89,USD,4.93E+12,Azure,XS,limited_stock,41
463,Smart Tablet Microphone Trimmer,Furniture,699,USD,2.73E+12,SeaGreen,50x70 cm,in_stock,89
464,Silent Microphone,Cleaning Supplies,328,USD,5.69E+12,LightPink,Extra Large,limited_stock,17
465,Wireless Bicycle Microphone Digital Portable,Haircare,631,USD,1.88E+12,BlueViolet,S,discontinued,94
466,Automatic Scale Headphones,Camping & Hiking,625,USD,2.88E+12,Black,8x10 in,discontinued,62
467,Fast Watch Microphone Microphone Smart Premium Portable,Makeup,258,USD,9.63E+12,DarkSalmon,5x7 in,backorder,88
468,Ultra Brush Touch Mini,Toys & Games,145,USD,4.84E+12,Olive,12x18 in,limited_stock,97
469,Trimmer Clock,Automotive,879,USD,6.47E+12,Gainsboro,8x10 in,pre_order,30
470,Smart Mouse Heater Clean Air,Headphones & Earbuds,114,USD,5.74E+12,SeaGreen,15x20 cm,limited_stock,44
471,Automatic Webcam Scooter One Compact,Toys & Games,330,USD,9.67E+12,LightSteelBlue,Medium,backorder,48
472,Portable Camera Clean Premium,Home & Kitchen,746,USD,9.37E+12,MintCream,L,out_of_stock,90
473,Smart Phone Thermostat Silent Go,Smartwatches,947,USD,1.75E+12,CadetBlue,Extra Large,out_of_stock,72
474,Vacuum,Women's Clothing,533,USD,8.40E+12,LemonChiffon,50x70 cm,in_stock,96
475,Eco Iron Prime One Wireless,Sports & Outdoors,21,USD,1.86E+12,DarkSlateBlue,XS,limited_stock,7
476,Pro Speaker Keyboard Digital Touch Automatic,Sports & Outdoors,550,USD,5.37E+12,Salmon,M,backorder,20
477,Rechargeable Lock Charger,Skincare,44,USD,3.31E+12,LightGreen,Large,discontinued,9
478,Eco Scale Headphones,Men's Clothing,52,USD,4.68E+12,LightCyan,M,pre_order,16
479,Digital Keyboard Kettle Wireless Fast,Clothing & Apparel,683,USD,2.95E+12,LawnGreen,S,out_of_stock,12
480,Printer,Camping & Hiking,959,USD,1.43E+12,Magenta,M,limited_stock,16
481,Wireless Bicycle Scooter,Furniture,288,USD,4.36E+12,PaleTurquoise,8x10 in,discontinued,92
482,Compact Headphones Charger Digital Touch One,Shoes & Footwear,16,USD,4.98E+12,LimeGreen,XL,pre_order,79
483,Kettle,Office Supplies,176,USD,5.52E+12,MediumBlue,100x200 mm,backorder,28
484,Ultra Iron Toaster Projector Compact Plus,Grooming Tools,898,USD,7.50E+12,MediumVioletRed,Medium,in_stock,94
485,Mini Clock Brush Clean,Automotive,863,USD,6.86E+12,Chartreuse,10x10 cm,discontinued,8
486,Wireless Cooker Advanced,Fishing & Hunting,380,USD,9.62E+12,DarkGoldenRod,S,pre_order,29
487,Brush Blender Vacuum,Smartwatches,112,USD,6.49E+12,DarkSeaGreen,XXL,out_of_stock,46
488,Dock,Women's Clothing,346,USD,8.11E+12,SkyBlue,M,backorder,29
489,Rechargeable Mouse Treadmill Phone Smart Clean Premium,Fishing & Hunting,442,USD,4.51E+12,OliveDrab,L,backorder,22
490,Ultra Oven Scale,Home & Kitchen,146,USD,7.08E+11,ForestGreen,XXL,out_of_stock,95
491,Rechargeable Scooter Bicycle Oven One One Fast,Laptops & Computers,585,USD,2.63E+12,YellowGreen,Medium,pre_order,25
492,Printer Charger Brush,Kids' Clothing,917,USD,5.70E+12,Ivory,50x70 cm,out_of_stock,82
493,Ultra Heater Keyboard,Health & Wellness,901,USD,8.05E+12,FloralWhite,12x18 in,discontinued,68
494,Digital Grill Grill Sense Edge Smart,Smartwatches,384,USD,8.60E+12,LightSkyBlue,L,out_of_stock,4
495,Pro Radio One Touch,Books & Stationery,757,USD,1.72E+12,AliceBlue,L,limited_stock,6
496,Speaker Iron Grill,Haircare,961,USD,4.88E+12,DarkSlateBlue,XL,pre_order,89
497,Compact Router Smart,Grooming Tools,624,USD,1.63E+12,Cornsilk,L,limited_stock,84
498,Cooler Watch Fan,Beauty & Personal Care,955,USD,4.74E+12,Navy,L,backorder,55
499,Clean Blender Eco Plus,Home & Kitchen,420,USD,3.75E+12,Orange,5x7 in,backorder,85
500,Automatic Fan,Fitness Equipment,478,USD,9.25E+12,PaleVioletRed,XS,pre_order,86
501,Rechargeable Cooker,Cleaning Supplies,469,USD,5.97E+11,PaleVioletRed,5x7 in,pre_order,12
502,Mini Grill Charger Headphones,Sports & Outdoors,305,USD,1.39E+12,Salmon,L,discontinued,62
503,Camera Treadmill Heater,Toys & Games,907,USD,1.87E+12,DarkOrange,Large,pre_order,51
504,Portable Cooler Printer Speaker Ultra,Kitchen Appliances,265,USD,1.05E+11,Black,8x10 in,discontinued,68
505,Heater Thermostat,Cycling,261,USD,6.24E+12,DarkTurquoise,100x200 mm,in_stock,43
506,Advanced Clock Air Edge Premium,Grooming Tools,455,USD,9.46E+12,SandyBrown,S,discontinued,10
507,Clean Brush Lock Eco,Camping & Hiking,301,USD,1.88E+11,MintCream,M,limited_stock,51
508,Printer Fan,Laptops & Computers,266,USD,4.84E+12,DarkGray,S,in_stock,41
509,Premium Mixer Bicycle Fridge Mini 360 Automatic,Home & Kitchen,534,USD,6.52E+12,Peru,100x200 mm,discontinued,6
510,Pro Iron Toaster Projector,Kids' Clothing,632,USD,2.67E+12,Moccasin,50x70 cm,limited_stock,5
511,Smart Charger Treadmill Go Smart One,Smartwatches,626,USD,8.89E+12,SlateGray,Extra Large,limited_stock,2
512,Premium Lock Camera,Health & Wellness,385,USD,1.31E+12,PaleTurquoise,8x10 in,in_stock,71
513,Smart Cooler Touch Pro Edge,"Accessories (Bags, Hats, Belts)",943,USD,4.06E+12,Yellow,15x20 cm,discontinued,82
514,Smart Projector Freezer Smart,"Accessories (Bags, Hats, Belts)",696,USD,6.23E+12,LightSlateGray,5x7 in,discontinued,96
515,Advanced Keyboard Portable,Headphones & Earbuds,869,USD,6.15E+12,DarkTurquoise,12x18 in,limited_stock,63
516,Advanced Thermostat Stove Lamp,Books & Stationery,301,USD,2.80E+12,MediumVioletRed,M,backorder,69
517,Projector,Smartphones,216,USD,6.48E+12,DarkSlateGray,XL,pre_order,8
518,Projector,Automotive,392,USD,1.40E+12,RoyalBlue,L,pre_order,21
519,Wireless Heater Toaster Stove,Office Supplies,187,USD,8.42E+12,SlateBlue,XXL,backorder,78
520,Blender Blender,Laptops & Computers,20,USD,8.51E+12,MediumAquaMarine,Medium,limited_stock,34
521,Webcam Webcam Stove,Headphones & Earbuds,139,USD,2.46E+12,SlateBlue,S,out_of_stock,58
522,Light Drone,Skincare,928,USD,5.44E+12,White,8x10 in,in_stock,34
523,Wireless Stove Iron Smart Advanced,Men's Clothing,16,USD,9.92E+12,Gainsboro,M,out_of_stock,88
524,Fast Scooter Eco Premium,Home & Kitchen,409,USD,3.15E+12,Fuchsia,S,out_of_stock,4
525,Advanced Headphones Monitor Go Automatic,Beauty & Personal Care,219,USD,8.93E+12,Linen,8x10 in,out_of_stock,46
526,Clean Brush Blender,Bedding & Bath,692,USD,1.79E+12,MintCream,S,discontinued,67
527,Smart Blender Treadmill Tablet,Cameras & Accessories,579,USD,5.14E+12,Maroon,12x18 in,pre_order,5
528,Compact Charger Cooker Thermostat Go Mini Smart,Makeup,968,USD,8.30E+12,White,XXL,pre_order,84
529,Compact Scanner 360 Plus Ultra,Kids' Clothing,288,USD,9.66E+12,Chocolate,8x10 in,out_of_stock,84
530,Ultra Charger Cooker Thermostat One Prime,Fragrances,415,USD,9.28E+12,SteelBlue,15x20 cm,in_stock,79
531,Rechargeable Radio Radio Portable Clean Premium,Kitchen Appliances,112,USD,5.14E+12,Blue,50x70 cm,out_of_stock,38
532,Portable Camera Bicycle Speakerphone,Sports & Outdoors,852,USD,6.45E+12,PaleTurquoise,M,out_of_stock,27
533,Radio,Makeup,561,USD,9.67E+12,Magenta,Large,out_of_stock,36
534,Clean Mixer Drone Toaster,Shoes & Footwear,406,USD,5.08E+12,SaddleBrown,L,out_of_stock,16
535,Premium Tablet Microphone Trimmer Fast,Smartwatches,948,USD,8.72E+12,DarkOliveGreen,M,discontinued,70
536,Brush,Cleaning Supplies,360,USD,9.45E+12,DarkSalmon,XS,out_of_stock,2
537,Smart Charger Monitor Brush,"Accessories (Bags, Hats, Belts)",82,USD,5.69E+12,LightPink,12x18 in,pre_order,65
538,Wireless Watch Go Sense Ultra,Cycling,933,USD,7.65E+12,Snow,12x18 in,discontinued,90
539,Drone Printer,Health & Wellness,445,USD,7.43E+12,DeepPink,10x10 cm,in_stock,20
540,Premium Printer Lock Thermostat 360,Smartwatches,481,USD,9.30E+11,BlueViolet,8x10 in,pre_order,10
541,Fast Heater Keyboard Eco,Office Supplies,11,USD,8.77E+12,Yellow,XS,in_stock,6
542,Smart Fan Fast Premium,Health & Wellness,928,USD,9.52E+12,Purple,S,in_stock,50
543,Premium Shaver Go,Cycling,929,USD,9.62E+12,MediumVioletRed,M,limited_stock,63
544,Portable Dock Smart Advanced,Headphones & Earbuds,594,USD,9.92E+12,PaleTurquoise,Large,out_of_stock,71
545,Wireless Brush 360 Ultra,Kids' Clothing,951,USD,3.95E+12,BlanchedAlmond,L,pre_order,83
546,Rechargeable Oven Mouse Cooler Eco,Fragrances,397,USD,5.92E+12,LightGray,XL,backorder,75
547,Advanced Brush Fridge Drone Advanced Prime,Team Sports,699,USD,8.92E+12,DarkOliveGreen,8x10 in,pre_order,40
548,Clean Mouse Speaker Cooler Touch One Silent,Furniture,499,USD,8.88E+12,Aqua,XXL,limited_stock,51
549,Advanced Microphone Clock Smart,Grooming Tools,554,USD,2.92E+12,Aqua,Extra Large,limited_stock,39
550,Speaker Tablet Headphones,Team Sports,319,USD,6.67E+11,SeaShell,8x10 in,limited_stock,66
551,Eco Webcam Powerbank Smart Prime Automatic,Men's Clothing,310,USD,4.90E+12,Pink,12x18 in,limited_stock,65
552,Mini Radio Mixer X Edge Eco,Kitchen Appliances,805,USD,2.38E+11,Ivory,L,limited_stock,29
553,Eco Webcam Smart,Toys & Games,99,USD,8.82E+11,IndianRed,8x10 in,backorder,80
554,Ultra Scanner Drone Portable,Laptops & Computers,74,USD,5.83E+12,DarkViolet,8x10 in,discontinued,78
555,Lamp,Fishing & Hunting,615,USD,9.33E+11,MediumBlue,L,out_of_stock,11
556,Smart Iron Microphone Smart One Premium,Smartphones,544,USD,1.31E+12,OldLace,XL,limited_stock,61
557,Wireless Treadmill Touch,Team Sports,395,USD,5.77E+12,FloralWhite,S,backorder,83
558,Clean Stove Iron 360 Edge Wireless,Toys & Games,930,USD,8.86E+12,DarkOliveGreen,Extra Large,discontinued,8
559,Drone Heater Scanner,Fitness Equipment,738,USD,8.70E+12,DarkSeaGreen,10x10 cm,limited_stock,1
560,Portable Fan Scooter Trimmer,Haircare,681,USD,1.02E+12,DarkOrange,30x40 cm,backorder,59
561,Compact Lock Touch,Home & Kitchen,197,USD,2.16E+12,Ivory,XL,backorder,18
562,Premium Cooler Vacuum,Smartwatches,659,USD,4.15E+12,DimGray,Large,limited_stock,39
563,Compact Thermostat Trimmer Eco Max,Headphones & Earbuds,583,USD,4.53E+11,SaddleBrown,5x7 in,pre_order,32
564,Wireless Fan Scooter Trimmer 360 Clean Fast,Shoes & Footwear,694,USD,5.47E+12,LightYellow,XL,backorder,88
565,Wireless Powerbank Cooker Iron,Kids' Clothing,527,USD,9.90E+12,DeepSkyBlue,50x70 cm,pre_order,20
566,Fast Iron Thermostat Compact,Furniture,836,USD,5.82E+12,Green,10x10 cm,backorder,70
567,Premium Scale Trimmer Grill Fast Silent,Shoes & Footwear,598,USD,63505378098,ForestGreen,10x10 cm,limited_stock,63
568,Advanced Watch Camera One Go,Automotive,266,USD,8.46E+12,LightCoral,L,in_stock,54
569,Wireless Keyboard Speakerphone Fan Ultra,Fishing & Hunting,497,USD,2.34E+12,Brown,Small,out_of_stock,29
570,Silent Vacuum Webcam Rechargeable,Cameras & Accessories,897,USD,6.91E+12,Gray,XS,limited_stock,83
571,Ultra Treadmill Rechargeable,Fragrances,102,USD,73211322285,LightBlue,XXL,backorder,23
572,Rechargeable Mixer Drone Toaster,Toys & Games,806,USD,4.12E+12,DarkOliveGreen,XXL,in_stock,98
573,Eco Brush Scale Grill Ultra,Beauty & Personal Care,383,USD,5.83E+12,AliceBlue,XL,out_of_stock,56
574,Smart Charger Bicycle Cooker Advanced Air,Makeup,128,USD,3.32E+12,LightGoldenRodYellow,Large,in_stock,34
575,Thermostat Printer,Skincare,552,USD,2.95E+12,LightSeaGreen,XL,limited_stock,18
576,Clean Heater Keyboard,Camping & Hiking,216,USD,4.78E+12,NavajoWhite,30x40 cm,out_of_stock,6
577,Premium Thermostat Advanced Go,Clothing & Apparel,546,USD,4.86E+12,DarkGoldenRod,Large,in_stock,87
578,Rechargeable Vacuum Printer,Fragrances,72,USD,8.29E+12,DarkOrchid,8x10 in,backorder,17
579,Digital Clock Brush,Men's Clothing,194,USD,8.50E+12,Bisque,XS,pre_order,68
580,Portable Watch Thermostat,Women's Clothing,477,USD,7.31E+12,CadetBlue,100x200 mm,limited_stock,27
581,Advanced Grill Lite,Grooming Tools,426,USD,1.17E+12,PeachPuff,L,backorder,65
582,Rechargeable Watch Digital Max,Fitness Equipment,628,USD,8.89E+12,LightSeaGreen,Medium,pre_order,55
583,Silent Microphone Clock Touch Smart Wireless,Team Sports,184,USD,5.89E+12,DarkGray,10x10 cm,pre_order,16
584,Wireless Powerbank Pro Wireless,Home Decor,726,USD,6.61E+12,LightSkyBlue,S,out_of_stock,76
585,Digital Clock Automatic,Office Supplies,95,USD,2.89E+12,Gold,30x40 cm,backorder,5
586,Clean Treadmill Silent Smart,Cycling,908,USD,1.73E+12,DarkSlateBlue,5x7 in,in_stock,28
587,Eco Treadmill Smart,Smartwatches,634,USD,9.67E+12,ForestGreen,Large,discontinued,63
588,Charger Lamp,Smartphones,440,USD,7.84E+12,DeepSkyBlue,100x200 mm,in_stock,23
589,Rechargeable Thermostat Smart Advanced,Laptops & Computers,915,USD,4.54E+12,Magenta,XS,backorder,67
590,Eco Router Lamp Rechargeable,Women's Clothing,403,USD,8.24E+12,Coral,S,backorder,8
591,Portable Tablet 360,Team Sports,897,USD,9.69E+12,RoyalBlue,8x10 in,out_of_stock,17
592,Wireless Toaster Scanner Automatic Edge Sense,Sports & Outdoors,396,USD,4.81E+12,Moccasin,30x40 cm,limited_stock,15
593,Premium Drone,Camping & Hiking,942,USD,6.55E+12,Plum,M,in_stock,37
594,Smart Mouse Max Clean,Fishing & Hunting,14,USD,1.93E+12,DeepSkyBlue,5x7 in,in_stock,73
595,Lamp,Clothing & Apparel,366,USD,8.20E+12,Olive,L,discontinued,72
596,Smart Mouse,Beauty & Personal Care,521,USD,3.02E+12,MediumSpringGreen,12x18 in,limited_stock,64
597,Premium Lock,Grooming Tools,916,USD,7.57E+12,PapayaWhip,XL,pre_order,90
598,Advanced Light Air Compact,Clothing & Apparel,172,USD,2.43E+11,MediumSeaGreen,30x40 cm,pre_order,8
599,Ultra Tablet Blender Clean One,Clothing & Apparel,277,USD,3.92E+12,Linen,Small,pre_order,84
600,Mini Drone Vacuum Pro Air,Cycling,300,USD,2.32E+12,Purple,Large,discontinued,53
601,Mini Fan Speaker Fridge Premium Air Portable,Headphones & Earbuds,965,USD,7.55E+12,Ivory,10x10 cm,limited_stock,96
602,Pro Powerbank Radio 360 Max,Smartwatches,177,USD,3.07E+12,DarkBlue,8x10 in,in_stock,93
603,Wireless Scooter Microphone,Sports & Outdoors,1,USD,3.36E+12,Gainsboro,Medium,backorder,38
604,Mixer,Clothing & Apparel,616,USD,5.92E+12,BlueViolet,Medium,in_stock,52
605,Silent Clock Lock,Beauty & Personal Care,327,USD,1.39E+11,PaleVioletRed,Medium,out_of_stock,4
606,Silent Lamp Lamp Kettle,Cycling,233,USD,7.36E+12,Orange,XL,pre_order,89
607,Ultra Thermostat Stove Lamp Premium Touch Digital,Fragrances,499,USD,8.77E+11,IndianRed,12x18 in,limited_stock,98
608,Smart Scanner Shaver Powerbank Portable,Men's Clothing,207,USD,1.94E+12,Coral,10x10 cm,backorder,76
609,Advanced Radio Light Fan 360,"Accessories (Bags, Hats, Belts)",186,USD,4.95E+12,Gray,30x40 cm,discontinued,12
610,Smart Clock Plus Touch,Grooming Tools,769,USD,4.75E+12,HotPink,XL,discontinued,11
611,Ultra Drone,Camping & Hiking,731,USD,8.15E+12,Crimson,XXL,pre_order,2
612,Smart Trimmer Clock Touch,Women's Clothing,993,USD,1.68E+12,DarkCyan,5x7 in,limited_stock,70
613,Pro Shaver Thermostat,Team Sports,402,USD,1.66E+12,MediumSlateBlue,Large,in_stock,84
614,Premium Fan Prime 360,Automotive,456,USD,4.73E+12,FireBrick,30x40 cm,discontinued,94
615,Camera Drone Fan,Books & Stationery,18,USD,3.81E+12,Fuchsia,Extra Large,discontinued,61
616,Smart Fan Speaker Fridge Silent,Men's Clothing,821,USD,6.86E+11,Lavender,10x10 cm,limited_stock,44
617,Fast Webcam Projector Lock,Kids' Clothing,663,USD,8.54E+12,LightSkyBlue,XL,limited_stock,86
618,Silent Scanner Tablet Radio 360 Advanced,Smartphones,701,USD,1.19E+12,Indigo,L,pre_order,65
619,Wireless Tablet Blender,Sports & Outdoors,991,USD,6.05E+12,Violet,100x200 mm,backorder,11
620,Portable Webcam Bicycle Camera Advanced Advanced,Automotive,390,USD,3.13E+12,DarkSlateBlue,5x7 in,out_of_stock,14
621,Ultra Dock Go Touch,Home & Kitchen,413,USD,1.52E+12,Navy,Extra Large,pre_order,44
622,Clean Scooter Compact Max,Sports & Outdoors,476,USD,8.61E+12,Sienna,8x10 in,backorder,1
623,Rechargeable Fridge Freezer Air,Cameras & Accessories,57,USD,6.45E+12,LightSlateGray,100x200 mm,discontinued,46
624,Digital Thermostat Microphone Scooter One Smart Pro,Women's Clothing,473,USD,8.85E+12,MediumSeaGreen,Extra Large,limited_stock,11
625,Rechargeable Projector,Headphones & Earbuds,285,USD,6.26E+11,SlateGray,5x7 in,pre_order,34
626,Drone,Home & Kitchen,852,USD,90997944272,Violet,XXL,pre_order,53
627,Ultra Bicycle Clock Lamp Air,Makeup,762,USD,2.73E+12,DarkBlue,Medium,limited_stock,67
628,Mini Fan Speaker Fridge Automatic Smart Go,Cameras & Accessories,147,USD,1.43E+12,HoneyDew,Extra Large,backorder,37
629,Ultra Brush Cooler Powerbank Edge Lite Smart,Sports & Outdoors,585,USD,2.11E+12,Brown,8x10 in,pre_order,74
630,Portable Grill Trimmer,Smartwatches,365,USD,2.99E+12,DarkMagenta,Small,out_of_stock,67
631,Mixer,Furniture,698,USD,9.26E+12,DarkViolet,15x20 cm,backorder,82
632,Eco Heater Edge Portable,Smartphones,979,USD,6.93E+12,SpringGreen,10x10 cm,pre_order,26
633,Advanced Headphones Go,Skincare,367,USD,3.86E+12,Cyan,Medium,in_stock,45
634,Compact Tablet Speaker Scooter Plus Touch,Clothing & Apparel,253,USD,3.81E+12,Moccasin,S,limited_stock,89
635,Eco Grill Phone Mini Plus,Smartwatches,456,USD,3.12E+12,LemonChiffon,8x10 in,limited_stock,72
636,Fast Radio Iron Go Eco Pro,Team Sports,994,USD,7.11E+12,SkyBlue,XL,out_of_stock,95
637,Pro Radio Radio Sense 360 Prime,Fitness Equipment,964,USD,9.43E+12,LightPink,12x18 in,pre_order,40
638,Treadmill,Cleaning Supplies,374,USD,4.91E+12,LightSkyBlue,Medium,backorder,12
639,Wireless Lamp Freezer,Shoes & Footwear,980,USD,1.08E+12,SteelBlue,Extra Large,backorder,48
640,Ultra Toaster Air Automatic,Automotive,34,USD,2.49E+12,SaddleBrown,XS,in_stock,41
641,Silent Webcam Cooker Toaster,Smartwatches,521,USD,7.05E+12,DarkCyan,8x10 in,backorder,36
642,Clean Headphones,Kitchen Appliances,813,USD,2.01E+12,NavajoWhite,5x7 in,out_of_stock,86
643,Digital Speakerphone Stove Tablet,Kitchen Appliances,599,USD,2.65E+12,Wheat,Medium,limited_stock,5
644,Silent Mouse Monitor Phone Max,Cleaning Supplies,116,USD,9.28E+12,CadetBlue,30x40 cm,backorder,48
645,Silent Speakerphone Oven Advanced Go,Books & Stationery,450,USD,4.87E+12,Snow,S,discontinued,58
646,Blender,Kids' Clothing,908,USD,7.67E+12,DarkOrchid,XXL,limited_stock,43
647,Portable Stove Monitor Tablet Compact Max Premium,Automotive,139,USD,1.67E+12,SpringGreen,5x7 in,backorder,36
648,Ultra Fan Fast Smart,Shoes & Footwear,352,USD,6.49E+12,IndianRed,10x10 cm,pre_order,80
649,Camera Bicycle Speakerphone,Cleaning Supplies,72,USD,6.61E+12,DarkGreen,100x200 mm,backorder,46
650,Router Freezer Webcam,Sports & Outdoors,665,USD,7.46E+12,PapayaWhip,10x10 cm,out_of_stock,46
651,Fast Iron Microphone Edge Clean Digital,Team Sports,858,USD,9.23E+12,SandyBrown,100x200 mm,backorder,96
652,Automatic Projector One,Clothing & Apparel,174,USD,7.30E+12,BlanchedAlmond,L,out_of_stock,56
653,Wireless Bicycle Sense,Fitness Equipment,761,USD,2.36E+12,GhostWhite,XXL,out_of_stock,82
654,Fast Powerbank Projector Advanced 360 Rechargeable,Books & Stationery,627,USD,8.70E+12,SeaGreen,30x40 cm,in_stock,6
655,Fan Cooler Vacuum,Health & Wellness,943,USD,8.01E+11,Thistle,50x70 cm,limited_stock,32
656,Wireless Brush Blender Vacuum,Toys & Games,406,USD,9.97E+12,DarkGray,Medium,in_stock,93
657,Fast Powerbank Brush Charger Sense,Smartwatches,544,USD,3.31E+11,SandyBrown,M,backorder,18
658,Digital Cooker Cooler,Grooming Tools,990,USD,6.19E+12,PapayaWhip,XXL,backorder,72
659,Rechargeable Radio Mixer Smart,Headphones & Earbuds,561,USD,2.56E+12,MediumPurple,5x7 in,pre_order,45
660,Automatic Lamp Scanner Vacuum,Fitness Equipment,839,USD,6.06E+12,MintCream,M,discontinued,48
661,Clean Camera Premium Edge,Sports & Outdoors,520,USD,9.23E+11,Fuchsia,8x10 in,backorder,27
662,Digital Speakerphone Go,Home Decor,168,USD,8.79E+12,MediumBlue,5x7 in,out_of_stock,9
663,Shaver Thermostat,Bedding & Bath,208,USD,8.06E+12,Tan,8x10 in,limited_stock,31
664,Ultra Mixer Freezer Trimmer,Women's Clothing,703,USD,6.80E+12,Coral,12x18 in,out_of_stock,89
665,Compact Blender Cooker Smart Go Go,Fragrances,764,USD,8.86E+11,WhiteSmoke,XXL,pre_order,36
666,Stove,Kitchen Appliances,896,USD,7.91E+12,PaleTurquoise,5x7 in,discontinued,99
667,Lock,Clothing & Apparel,601,USD,1.32E+12,Ivory,12x18 in,out_of_stock,91
668,Fast Webcam Webcam Treadmill,Office Supplies,588,USD,2.88E+12,LawnGreen,Medium,backorder,98
669,Rechargeable Printer Compact Eco,Cycling,464,USD,7.59E+12,Orange,Small,backorder,5
670,Clean Light Ultra Air Smart,Cycling,277,USD,5.19E+12,LightBlue,8x10 in,limited_stock,68
671,Mini Lamp Blender Drone Advanced Prime Silent,Sports & Outdoors,291,USD,8.05E+11,SlateGray,Small,backorder,28
672,Mini Phone Thermostat Prime Eco Advanced,Books & Stationery,460,USD,3.54E+12,Ivory,Medium,limited_stock,90
673,Clean Fan Iron Clock Advanced Mini Fast,Men's Clothing,293,USD,3.94E+12,LightSkyBlue,50x70 cm,in_stock,77
674,Eco Webcam Cooker Toaster,"Accessories (Bags, Hats, Belts)",431,USD,1.20E+11,Aquamarine,12x18 in,out_of_stock,83
675,Wireless Thermostat Printer,Cameras & Accessories,350,USD,6.82E+12,Peru,S,in_stock,33
676,Mini Powerbank,Skincare,256,USD,2.66E+12,LightBlue,L,pre_order,90
677,Ultra Powerbank Cooker Iron 360 360,Fishing & Hunting,300,USD,1.79E+12,Moccasin,XS,in_stock,22
678,Smart Fan,Office Supplies,39,USD,8.66E+12,LightCyan,L,pre_order,78
679,Lock,Laptops & Computers,372,USD,4.49E+12,YellowGreen,XS,out_of_stock,45
680,Camera,Skincare,718,USD,3.08E+12,Azure,15x20 cm,in_stock,9
681,Automatic Clock Smart,Headphones & Earbuds,190,USD,7.75E+12,Silver,L,discontinued,6
682,Drone,Fishing & Hunting,331,USD,1.27E+12,LemonChiffon,10x10 cm,backorder,49
683,Smart Keyboard Ultra,Men's Clothing,342,USD,6.31E+12,HoneyDew,M,pre_order,51
684,Eco Printer Charger Brush,Shoes & Footwear,774,USD,4.59E+11,Gray,30x40 cm,discontinued,64
685,Automatic Dock,Laptops & Computers,4,USD,6.47E+12,BlanchedAlmond,Extra Large,in_stock,36
686,Digital Microphone Cooler Prime Smart,Cameras & Accessories,957,USD,9.36E+12,DeepPink,50x70 cm,in_stock,1
687,Mini Kettle,Kids' Clothing,243,USD,8.70E+11,LightYellow,100x200 mm,out_of_stock,19
688,Wireless Brush Blender Vacuum,Women's Clothing,266,USD,1.36E+11,HoneyDew,100x200 mm,discontinued,9
689,Watch Tablet Printer,Skincare,78,USD,5.18E+12,LightYellow,50x70 cm,out_of_stock,7
690,Advanced Scale Toaster Plus,Beauty & Personal Care,452,USD,9.17E+11,MediumSeaGreen,Extra Large,backorder,79
691,Digital Vacuum Touch Rechargeable Compact,Home & Kitchen,580,USD,7.67E+11,DarkBlue,XS,discontinued,50
692,Lock,Toys & Games,927,USD,5.76E+12,PaleVioletRed,8x10 in,out_of_stock,31
693,Pro Microphone Cooler Automatic Clean Mini,Smartwatches,509,USD,3.96E+12,DarkKhaki,M,backorder,42
694,Premium Charger Lamp Digital,Office Supplies,786,USD,2.77E+11,LawnGreen,S,backorder,31
695,Silent Webcam Dock Heater Sense,Fragrances,16,USD,8.37E+12,Orange,Large,limited_stock,38
696,Phone Iron Speakerphone,Kids' Clothing,706,USD,4.75E+12,MediumTurquoise,12x18 in,pre_order,30
697,Wireless Lock Thermostat Edge,Cycling,753,USD,8.57E+12,Sienna,Medium,pre_order,20
698,Portable Scooter Rechargeable,Fragrances,700,USD,8.34E+12,PaleTurquoise,XS,discontinued,80
699,Automatic Projector Brush Go,Shoes & Footwear,275,USD,1.16E+12,GoldenRod,XL,backorder,78
700,Ultra Camera Keyboard Digital Air,Headphones & Earbuds,404,USD,8.36E+12,Chocolate,S,out_of_stock,99
701,Microphone Cooler,Toys & Games,81,USD,8.61E+12,Beige,Extra Large,in_stock,47
702,Fast Shaver Max Air,Books & Stationery,630,USD,6.36E+12,MidnightBlue,S,backorder,33
703,Heater,Headphones & Earbuds,934,USD,3.20E+12,LemonChiffon,100x200 mm,pre_order,40
704,Lamp Lamp Kettle,Clothing & Apparel,364,USD,5.27E+12,DarkOrchid,100x200 mm,in_stock,1
705,Pro Printer Fan,Books & Stationery,261,USD,1.51E+12,LightCyan,12x18 in,backorder,81
706,Kettle Vacuum,Beauty & Personal Care,918,USD,3.51E+12,Thistle,30x40 cm,pre_order,81
707,Pro Dock Freezer Projector Sense,Cameras & Accessories,282,USD,5.72E+12,DarkCyan,M,pre_order,94
708,Advanced Router Wireless Digital Eco,Cleaning Supplies,384,USD,8.77E+12,Lavender,XS,discontinued,19
709,Advanced Brush Scale Grill,Books & Stationery,906,USD,5.29E+12,HotPink,30x40 cm,out_of_stock,43
710,Mini Headphones Compact Advanced,Kids' Clothing,398,USD,7.82E+12,Khaki,S,out_of_stock,23
711,Automatic Radio Treadmill Silent,Home Decor,805,USD,7.65E+12,MediumAquaMarine,Large,in_stock,57
712,Eco Tablet Blender Clean,Beauty & Personal Care,925,USD,5.86E+12,DarkGoldenRod,30x40 cm,limited_stock,17
713,Ultra Blender Sense,Furniture,28,USD,1.55E+12,Ivory,M,out_of_stock,46
714,Rechargeable Grill Phone Go Edge,Kitchen Appliances,884,USD,3.54E+12,LightYellow,30x40 cm,pre_order,41
715,Automatic Radio,Fragrances,540,USD,8.98E+12,AliceBlue,8x10 in,out_of_stock,39
716,Portable Scanner Shaver Powerbank Ultra,Home Decor,935,USD,2.39E+12,OliveDrab,50x70 cm,backorder,38
717,Silent Freezer Projector Webcam Go,Team Sports,828,USD,6.41E+12,Red,Extra Large,backorder,61
718,Smart Fan Powerbank Air Portable 360,Cycling,413,USD,7.07E+12,MediumPurple,10x10 cm,out_of_stock,95
719,Grill Tablet Fridge,Makeup,761,USD,8.18E+12,MediumVioletRed,L,pre_order,12
720,Dock Freezer Projector,Health & Wellness,264,USD,6.32E+12,DarkSlateBlue,Extra Large,limited_stock,34
721,Clean Radio,Automotive,295,USD,4.98E+11,AntiqueWhite,10x10 cm,discontinued,17
722,Printer,Clothing & Apparel,203,USD,4.99E+12,Maroon,5x7 in,in_stock,21
723,Advanced Fridge Cooker Pro Digital Prime,Home & Kitchen,29,USD,4.96E+12,Tan,XL,backorder,82
724,Smart Vacuum Cooler Prime,Smartwatches,179,USD,8.06E+12,Thistle,12x18 in,discontinued,83
725,Portable Speakerphone X,Fragrances,328,USD,1.57E+12,SkyBlue,XXL,discontinued,76
726,Smart Freezer Projector Webcam One Premium One,Fishing & Hunting,759,USD,9.98E+11,Peru,M,pre_order,87
727,Mini Stove Iron,Home & Kitchen,614,USD,2.57E+12,Orchid,S,pre_order,38
728,Portable Tablet,Headphones & Earbuds,149,USD,8.19E+12,Moccasin,12x18 in,in_stock,92
729,Clean Drone Heater Scanner Plus,Sports & Outdoors,926,USD,8.55E+12,MintCream,50x70 cm,discontinued,19
730,Digital Blender Treadmill Tablet Wireless Plus,"Accessories (Bags, Hats, Belts)",690,USD,7.51E+12,Indigo,8x10 in,backorder,97
731,Pro Drone Advanced Lite,Kids' Clothing,969,USD,3.47E+12,PowderBlue,5x7 in,backorder,54
732,Ultra Blender Toaster Camera Ultra,Beauty & Personal Care,994,USD,8.60E+12,Coral,XXL,pre_order,58
733,Rechargeable Thermostat Printer Sense Max Sense,Makeup,748,USD,8.86E+12,PaleVioletRed,12x18 in,out_of_stock,33
734,Router Freezer Webcam,Men's Clothing,7,USD,9.90E+12,MediumOrchid,Large,backorder,78
735,Smart Mouse Smart Portable,Books & Stationery,534,USD,8.39E+12,BlueViolet,XL,discontinued,10
736,Smart Freezer,Headphones & Earbuds,174,USD,9.00E+12,Pink,10x10 cm,out_of_stock,9
737,Projector,Grooming Tools,435,USD,6.15E+12,Pink,12x18 in,pre_order,32
738,Drone,Shoes & Footwear,390,USD,5.08E+12,DarkKhaki,XXL,discontinued,12
739,Ultra Fan Phone One,Beauty & Personal Care,902,USD,3.33E+12,LightSlateGray,100x200 mm,out_of_stock,34
740,Eco Trimmer Cooler,Skincare,975,USD,9.77E+12,OldLace,8x10 in,discontinued,85
741,Premium Clock Drone Charger,Fishing & Hunting,131,USD,5.21E+12,Orchid,15x20 cm,pre_order,65
742,Premium Scooter Microphone Max,Health & Wellness,907,USD,5.86E+12,Gold,8x10 in,out_of_stock,25
743,Digital Iron Cooler Iron One Touch,"Accessories (Bags, Hats, Belts)",436,USD,6.24E+12,DarkSeaGreen,Large,in_stock,50
744,Smart Heater Go Smart,Books & Stationery,715,USD,2.33E+11,LightBlue,5x7 in,discontinued,52
745,Premium Brush,Books & Stationery,30,USD,3.24E+12,MistyRose,12x18 in,out_of_stock,50
746,Smart Printer Freezer Advanced,Toys & Games,761,USD,6.56E+12,LightSalmon,10x10 cm,in_stock,43
747,Scale Clock,Fishing & Hunting,186,USD,3.17E+12,MediumBlue,30x40 cm,backorder,51
748,Silent Fan Digital Smart,Smartwatches,729,USD,7.92E+12,LightSlateGray,S,backorder,14
749,Fast Brush Touch Fast,Fragrances,256,USD,3.68E+12,Navy,Small,limited_stock,16
750,Silent Charger Lock Oven,Automotive,709,USD,7.89E+12,BlueViolet,10x10 cm,backorder,27
751,Advanced Stove Light,Makeup,219,USD,7.53E+12,Cornsilk,5x7 in,discontinued,17
752,Smart Vacuum Plus Lite Clean,Home & Kitchen,451,USD,4.48E+12,DarkOrange,L,limited_stock,22
753,Clean Mixer Toaster Toaster,Men's Clothing,778,USD,6.47E+12,LemonChiffon,12x18 in,in_stock,87
754,Smart Iron Microphone,Skincare,133,USD,1.78E+12,Azure,15x20 cm,pre_order,93
755,Fast Trimmer Clock Mini Premium,Health & Wellness,94,USD,7.91E+12,Lime,100x200 mm,backorder,37
756,Lamp,Home Decor,312,USD,1.36E+12,DarkViolet,10x10 cm,limited_stock,36
757,Portable Kettle Digital Go,Shoes & Footwear,978,USD,4.72E+12,PeachPuff,L,limited_stock,82
758,Smart Heater Keyboard,Kitchen Appliances,737,USD,7.74E+12,BurlyWood,Large,limited_stock,7
759,Fan Phone,Automotive,874,USD,6.05E+12,Chocolate,Large,discontinued,10
760,Microphone,Camping & Hiking,194,USD,4.52E+12,MediumAquaMarine,XXL,backorder,75
761,Portable Fan,Books & Stationery,437,USD,1.62E+12,Green,50x70 cm,out_of_stock,76
762,Ultra Thermostat Stove Lamp,Beauty & Personal Care,758,USD,1.93E+12,SteelBlue,L,in_stock,45
763,Rechargeable Headphones Portable Wireless,Home & Kitchen,330,USD,9.49E+12,MediumSlateBlue,Large,in_stock,69
764,Rechargeable Fan Scooter Trimmer Sense,Office Supplies,437,USD,7.25E+12,Aqua,XS,limited_stock,72
765,Digital Toaster Scanner Fast Edge Portable,Headphones & Earbuds,160,USD,1.37E+12,DarkViolet,XXL,discontinued,25
766,Clean Kettle Portable One,Skincare,338,USD,5.58E+12,DeepPink,S,discontinued,30
767,Silent Thermostat Drone Heater,Kids' Clothing,835,USD,5.27E+11,IndianRed,Large,discontinued,35
768,Toaster Clock Monitor,Skincare,787,USD,9.50E+12,Violet,50x70 cm,in_stock,79
769,Advanced Headphones Charger X Fast,Furniture,748,USD,1.93E+12,Turquoise,15x20 cm,backorder,96
770,Eco Brush Edge,Smartwatches,339,USD,8.71E+12,Linen,Medium,pre_order,41
771,Compact Scanner Tablet Radio Clean Plus Sense,Smartphones,349,USD,5.55E+12,RoyalBlue,Small,limited_stock,89
772,Trimmer Stove,Home Decor,434,USD,8.39E+12,MistyRose,S,limited_stock,73
773,Automatic Monitor Brush Monitor 360 Lite,Cleaning Supplies,228,USD,8.56E+12,Wheat,8x10 in,out_of_stock,20
774,Ultra Bicycle Microphone,Makeup,532,USD,3.64E+12,Olive,L,pre_order,52
775,Projector,Beauty & Personal Care,625,USD,2.53E+12,DarkOrange,5x7 in,out_of_stock,40
776,Mini Grill Grill Scale Max Premium,Team Sports,604,USD,2.03E+12,Red,XS,out_of_stock,22
777,Eco Headphones Premium,Shoes & Footwear,882,USD,7.30E+12,MistyRose,5x7 in,in_stock,37
778,Fast Fan Monitor Toaster Pro Rechargeable Edge,Kitchen Appliances,237,USD,6.14E+12,Turquoise,L,discontinued,58
779,Wireless Iron Thermostat Premium Eco,Fitness Equipment,567,USD,9.80E+12,Sienna,8x10 in,in_stock,38
780,Premium Router Sense Digital 360,Men's Clothing,600,USD,3.23E+12,SpringGreen,5x7 in,discontinued,3
781,Automatic Radio Mixer X,Skincare,625,USD,4.46E+12,Aquamarine,M,discontinued,25
782,Mini Grill Phone Smart Mini,Fragrances,565,USD,5.66E+12,SeaGreen,XXL,backorder,16
783,Silent Watch Tablet Printer X Digital Max,Kids' Clothing,292,USD,5.20E+12,MediumSpringGreen,S,pre_order,85
784,Smart Freezer One,Haircare,273,USD,8.77E+12,Plum,XL,limited_stock,55
785,Clean Dock Edge,Home Decor,970,USD,9.35E+11,OrangeRed,S,limited_stock,76
786,Tablet,Grooming Tools,347,USD,3.62E+11,LightSlateGray,5x7 in,in_stock,80
787,Smart Speakerphone Smart Eco,"Accessories (Bags, Hats, Belts)",14,USD,6.31E+12,GhostWhite,Large,limited_stock,57
788,Smart Keyboard Portable Touch,Grooming Tools,589,USD,5.30E+12,MediumSeaGreen,30x40 cm,limited_stock,59
789,Scanner Tablet Radio,Kitchen Appliances,292,USD,6.84E+12,Beige,Medium,backorder,64
790,Pro Tablet,Haircare,505,USD,3.21E+12,Black,S,pre_order,8
791,Advanced Radio Bicycle Cooler,Camping & Hiking,555,USD,1.69E+12,RosyBrown,S,out_of_stock,3
792,Eco Scooter Scale Cooler Sense Air Clean,Fishing & Hunting,400,USD,3.99E+11,LavenderBlush,15x20 cm,out_of_stock,41
793,Rechargeable Scooter Scale Cooler Automatic Plus 360,Cameras & Accessories,505,USD,1.75E+12,DarkGray,5x7 in,pre_order,12
794,Iron Toaster Projector,Clothing & Apparel,61,USD,6.23E+12,SlateBlue,5x7 in,discontinued,88
795,Keyboard,Cameras & Accessories,298,USD,3.22E+12,Gainsboro,50x70 cm,backorder,31
796,Mini Drone Heater Scanner One Wireless,Fishing & Hunting,234,USD,8.19E+12,Lavender,10x10 cm,out_of_stock,94
797,Mini Lock Camera,Camping & Hiking,171,USD,5.93E+12,LemonChiffon,8x10 in,in_stock,47
798,Smart Dock Ultra,Women's Clothing,528,USD,2.72E+12,LightSlateGray,Medium,backorder,33
799,Fridge Mouse Monitor,Cleaning Supplies,46,USD,9.60E+12,GhostWhite,XS,pre_order,21
800,Premium Shaver Premium Premium Fast,Cleaning Supplies,482,USD,5.12E+12,NavajoWhite,Extra Large,pre_order,45
801,Portable Watch Portable Edge,Laptops & Computers,47,USD,6.81E+12,AntiqueWhite,XL,backorder,40
802,Printer,Sports & Outdoors,135,USD,9.66E+12,HotPink,Medium,limited_stock,50
803,Digital Fan Iron Cooker,Team Sports,128,USD,4.77E+12,PaleGreen,8x10 in,in_stock,11
804,Silent Router Scanner Max Touch,Home Decor,22,USD,3.10E+12,Aquamarine,5x7 in,backorder,85
805,Portable Headphones Fast Smart Touch,Team Sports,525,USD,9.56E+12,BurlyWood,XXL,out_of_stock,93
806,Mini Treadmill X X,Headphones & Earbuds,51,USD,4.07E+12,Cyan,M,out_of_stock,17
807,Digital Heater Mixer Shaver,Office Supplies,679,USD,9.50E+12,LightSlateGray,5x7 in,backorder,75
808,Digital Cooler Lite,Kitchen Appliances,957,USD,7.52E+12,Aqua,8x10 in,backorder,93
809,Rechargeable Cooker Ultra Silent,Furniture,840,USD,5.72E+12,MistyRose,15x20 cm,limited_stock,7
810,Printer,Books & Stationery,652,USD,5.96E+12,LawnGreen,30x40 cm,backorder,80
811,Scale Toaster,Office Supplies,792,USD,7.32E+12,BurlyWood,Large,in_stock,83
812,Premium Kettle Silent Advanced,Smartphones,216,USD,7.17E+12,Cornsilk,XS,out_of_stock,74
813,Fan Cooler Vacuum,Haircare,259,USD,8.78E+12,OldLace,10x10 cm,pre_order,68
814,Blender,Skincare,866,USD,8.14E+12,CornflowerBlue,Small,pre_order,47
815,Wireless Light Eco Portable,Makeup,186,USD,6.67E+12,WhiteSmoke,30x40 cm,in_stock,16
816,Smart Heater Thermostat,Men's Clothing,1,USD,5.53E+12,MediumSlateBlue,Large,discontinued,11
817,Scooter,Automotive,103,USD,6.69E+12,DarkSeaGreen,8x10 in,pre_order,41
818,Headphones,Books & Stationery,433,USD,6.82E+12,White,8x10 in,out_of_stock,18
819,Blender Toaster Camera,Books & Stationery,915,USD,7.14E+12,DarkGoldenRod,8x10 in,limited_stock,24
820,Portable Radio Bicycle Cooler,Makeup,550,USD,6.36E+11,MintCream,Medium,pre_order,29
821,Pro Oven,Women's Clothing,255,USD,3.03E+12,MediumSpringGreen,50x70 cm,discontinued,31
822,Mixer,Makeup,896,USD,8.00E+12,LightYellow,L,limited_stock,10
823,Portable Microphone Camera Eco,Home Decor,537,USD,9.95E+12,LightSeaGreen,Large,out_of_stock,62
824,Silent Camera Heater Webcam One Silent Smart,Camping & Hiking,362,USD,9.26E+12,HotPink,S,out_of_stock,39
825,Compact Vacuum Shaver,Home & Kitchen,801,USD,2.86E+12,MidnightBlue,S,backorder,96
826,Mini Webcam Scooter Compact,Team Sports,776,USD,4.95E+12,MistyRose,S,discontinued,63
827,Smart Speakerphone 360,Cleaning Supplies,400,USD,2.24E+11,PaleVioletRed,XL,discontinued,88
828,Advanced Kettle Brush Fan,Sports & Outdoors,179,USD,2.77E+12,Khaki,XXL,in_stock,54
829,Automatic Scanner Monitor Treadmill Prime X Pro,Home & Kitchen,506,USD,3.15E+12,RosyBrown,XS,limited_stock,14
830,Grill Brush Watch,Men's Clothing,930,USD,4.48E+12,SpringGreen,Extra Large,discontinued,10
831,Smart Heater Clean Rechargeable Smart,Team Sports,612,USD,6.08E+12,PeachPuff,10x10 cm,in_stock,26
832,Premium Blender Automatic Air,Clothing & Apparel,351,USD,9.01E+12,GreenYellow,XL,out_of_stock,86
833,Grill,Smartwatches,163,USD,9.14E+12,LawnGreen,15x20 cm,in_stock,8
834,Mini Radio Stove Shaver,"Accessories (Bags, Hats, Belts)",276,USD,8.87E+12,Crimson,15x20 cm,backorder,86
835,Wireless Lock One,Home Decor,887,USD,3.29E+12,PowderBlue,100x200 mm,in_stock,96
836,Ultra Keyboard Toaster Monitor X,Skincare,720,USD,6.99E+12,LightPink,15x20 cm,limited_stock,25
837,Dock Speaker Phone,Grooming Tools,357,USD,8.94E+12,DarkGray,XXL,backorder,19
838,Smart Projector Mini,Haircare,274,USD,7.68E+12,DarkOrchid,M,out_of_stock,46
839,Smart Radio Bicycle Cooler,Men's Clothing,856,USD,6.42E+12,Navy,Extra Large,pre_order,25
840,Mini Webcam Projector Lock Smart Prime,Cycling,130,USD,8.82E+12,FireBrick,M,discontinued,45
841,Premium Mouse Mouse Router Advanced One Air,Cycling,484,USD,8.22E+12,Beige,10x10 cm,in_stock,18
842,Shaver,Smartphones,763,USD,6.51E+12,Cornsilk,10x10 cm,backorder,8
843,Rechargeable Fan Pro,Kitchen Appliances,114,USD,3.71E+12,LightGreen,Extra Large,limited_stock,45
844,Compact Fan Clock Camera Plus Sense,Fragrances,84,USD,6.96E+12,Tomato,L,limited_stock,36
845,Rechargeable Phone Automatic Sense Wireless,Bedding & Bath,545,USD,22337893230,Cornsilk,Extra Large,backorder,16
846,Advanced Printer Fan Shaver Compact Touch Clean,Office Supplies,519,USD,7.09E+12,PowderBlue,12x18 in,limited_stock,75
847,Compact Iron Drone Portable,Health & Wellness,964,USD,5.55E+12,FloralWhite,S,discontinued,19
848,Oven,Furniture,578,USD,3.87E+12,Bisque,M,in_stock,61
849,Compact Brush,Kids' Clothing,41,USD,9.18E+11,LightSeaGreen,L,limited_stock,90
850,Charger,Headphones & Earbuds,971,USD,4.42E+12,Silver,10x10 cm,pre_order,27
851,Freezer Phone,Shoes & Footwear,622,USD,8.09E+12,DarkBlue,15x20 cm,in_stock,27
852,Smart Keyboard Plus,Fitness Equipment,606,USD,3.87E+12,Pink,8x10 in,limited_stock,42
853,Freezer Mixer Lock,Smartwatches,766,USD,4.86E+12,Chartreuse,50x70 cm,pre_order,72
854,Portable Mixer Lamp Automatic,Cycling,305,USD,6.23E+12,Coral,100x200 mm,out_of_stock,10
855,Pro Oven Mouse Cooler Go,Cleaning Supplies,140,USD,8.82E+12,PeachPuff,15x20 cm,out_of_stock,79
856,Smart Vacuum X,Clothing & Apparel,518,USD,4.25E+12,LightCoral,5x7 in,in_stock,34
857,Compact Camera Bicycle Speakerphone,Smartwatches,922,USD,5.66E+12,DarkSlateBlue,XS,backorder,33
858,Mini Lamp Speakerphone Headphones Automatic Compact Ultra,Makeup,921,USD,5.42E+12,Brown,100x200 mm,backorder,40
859,Blender Cooker,Fishing & Hunting,908,USD,3.70E+12,MediumSlateBlue,12x18 in,pre_order,13
860,Digital Camera Rechargeable Sense Digital,Books & Stationery,97,USD,82541087948,DeepPink,10x10 cm,discontinued,89
861,Silent Iron Rechargeable Fast Plus,Cameras & Accessories,662,USD,9.74E+12,DarkGray,50x70 cm,in_stock,52
862,Portable Drone Portable,Skincare,451,USD,4.52E+12,SaddleBrown,50x70 cm,out_of_stock,92
863,Charger Lamp,Health & Wellness,940,USD,1.23E+11,Cornsilk,100x200 mm,pre_order,13
864,Premium Router,Haircare,291,USD,7.39E+12,SaddleBrown,Extra Large,in_stock,65
865,Wireless Toaster,Shoes & Footwear,990,USD,4.47E+12,Sienna,8x10 in,in_stock,12
866,Advanced Fan Cooler Vacuum Smart,Clothing & Apparel,766,USD,7.23E+12,SteelBlue,XXL,backorder,59
867,Portable Printer Charger Brush 360,Furniture,622,USD,1.32E+12,Chocolate,Small,pre_order,79
868,Compact Printer Charger Brush Fast,Home Decor,646,USD,6.44E+12,MediumSlateBlue,Large,limited_stock,21
869,Advanced Scanner Keyboard Monitor Premium,Health & Wellness,336,USD,2.60E+12,RoyalBlue,30x40 cm,in_stock,17
870,Smart Mixer Vacuum,Cameras & Accessories,184,USD,9.99E+12,LightSteelBlue,M,discontinued,23
871,Rechargeable Projector,Office Supplies,43,USD,9.42E+11,Brown,5x7 in,limited_stock,46
872,Lock Charger,Beauty & Personal Care,284,USD,2.93E+12,SaddleBrown,100x200 mm,discontinued,68
873,Rechargeable Router Lamp Compact Eco Plus,Fishing & Hunting,889,USD,5.24E+12,PaleGoldenRod,50x70 cm,discontinued,63
874,Smart Fridge Camera Mini,Office Supplies,827,USD,1.26E+11,SlateBlue,Small,in_stock,55
875,Automatic Cooker Cooler Edge Advanced,Skincare,223,USD,2.90E+11,Ivory,M,limited_stock,11
876,Silent Drone Thermostat Headphones,Smartwatches,223,USD,6.09E+12,Turquoise,10x10 cm,backorder,70
877,Premium Scooter Eco Fast,Grooming Tools,471,USD,4.79E+12,SteelBlue,100x200 mm,backorder,2
878,Portable Keyboard Silent Fast,Books & Stationery,896,USD,5.77E+12,Navy,30x40 cm,discontinued,98
879,Advanced Tablet Cooler Fridge Plus Smart Mini,Health & Wellness,523,USD,6.50E+12,BlanchedAlmond,Large,pre_order,17
880,Smart Brush Fridge Drone Smart,Office Supplies,893,USD,6.72E+12,Tomato,XL,discontinued,13
881,Digital Mixer Treadmill Sense Touch Edge,Home Decor,803,USD,1.20E+12,SteelBlue,100x200 mm,pre_order,6
882,Wireless Router Freezer Webcam Rechargeable,Furniture,673,USD,1.34E+12,DarkOrange,Large,in_stock,50
883,Advanced Fan Cooler Vacuum,Team Sports,568,USD,1.55E+12,Blue,L,in_stock,77
884,Eco Thermostat Oven Advanced Edge,Furniture,346,USD,2.16E+12,PaleTurquoise,12x18 in,out_of_stock,73
885,Lamp Grill,"Accessories (Bags, Hats, Belts)",120,USD,2.81E+12,DarkTurquoise,Large,backorder,35
886,Pro Keyboard,"Accessories (Bags, Hats, Belts)",587,USD,7.91E+12,SlateGray,100x200 mm,backorder,43
887,Portable Lock Charger,Sports & Outdoors,311,USD,3.49E+12,Azure,Extra Large,discontinued,94
888,Fast Thermostat Drone Heater Plus One,Team Sports,625,USD,4.60E+12,Magenta,Medium,limited_stock,13
889,Rechargeable Watch,Fragrances,976,USD,5.99E+12,Crimson,12x18 in,backorder,86
890,Oven Trimmer,Fitness Equipment,984,USD,9.39E+12,MistyRose,8x10 in,backorder,52
891,Automatic Cooler Printer Speaker,Laptops & Computers,288,USD,6.48E+11,Green,Small,out_of_stock,67
892,Smart Light Premium Compact Premium,Cycling,230,USD,9.53E+12,LightBlue,Medium,pre_order,26
893,Blender Toaster Camera,Fishing & Hunting,786,USD,7.30E+12,PaleVioletRed,30x40 cm,in_stock,87
894,Smart Mouse Lamp Pro,Beauty & Personal Care,735,USD,9.36E+12,LemonChiffon,Large,backorder,96
895,Advanced Webcam Projector Oven,Kids' Clothing,507,USD,2.70E+12,DarkGoldenRod,Extra Large,pre_order,34
896,Projector Speaker Treadmill,Fishing & Hunting,991,USD,8.07E+12,Silver,12x18 in,backorder,66
897,Fast Fridge Cooker Max Fast,Beauty & Personal Care,883,USD,1.99E+12,DarkGoldenRod,XL,out_of_stock,32
898,Ultra Phone Rechargeable Wireless Wireless,Sports & Outdoors,310,USD,1.66E+12,LightPink,10x10 cm,backorder,12
899,Smart Drone Speaker Speaker Air Smart Clean,Grooming Tools,105,USD,4.79E+12,HoneyDew,XXL,out_of_stock,45
900,Fast Webcam Projector Lock Rechargeable,Toys & Games,448,USD,5.61E+12,CornflowerBlue,30x40 cm,backorder,94
901,Pro Mixer Lamp Rechargeable,Cleaning Supplies,310,USD,7.12E+12,Chocolate,10x10 cm,pre_order,70
902,Fast Printer Fan Shaver Sense One,Beauty & Personal Care,999,USD,2.13E+11,DeepPink,Extra Large,backorder,40
903,Eco Fan Plus,Camping & Hiking,127,USD,4.48E+12,Cornsilk,S,pre_order,13
904,Wireless Mixer Vacuum Plus Eco,Men's Clothing,257,USD,9.03E+12,Lavender,L,discontinued,16
905,Stove Iron,Shoes & Footwear,914,USD,5.46E+12,BlanchedAlmond,100x200 mm,in_stock,13
906,Automatic Lock Thermostat Premium Clean Rechargeable,Health & Wellness,890,USD,8.02E+12,Brown,12x18 in,limited_stock,32
907,Advanced Watch 360 Clean,Grooming Tools,11,USD,4.40E+12,DarkBlue,XXL,backorder,38
908,Premium Printer Wireless,Makeup,73,USD,3.81E+12,Sienna,Medium,limited_stock,29
909,Eco Lock,Clothing & Apparel,627,USD,7.78E+12,MediumPurple,XXL,in_stock,9
910,Rechargeable Mixer Bicycle Fridge Pro,Smartwatches,372,USD,1.96E+12,LightGray,50x70 cm,in_stock,15
911,Clock Lock,"Accessories (Bags, Hats, Belts)",54,USD,6.64E+12,RoyalBlue,50x70 cm,out_of_stock,65
912,Silent Oven Smart,Smartwatches,37,USD,1.19E+11,Ivory,Small,backorder,11
913,Compact Mixer Lamp Digital Eco Eco,Kitchen Appliances,603,USD,2.39E+11,DeepPink,15x20 cm,limited_stock,50
914,Fan Drone Monitor,Grooming Tools,795,USD,3.07E+12,SteelBlue,S,pre_order,87
915,Mini Fan Edge,Camping & Hiking,373,USD,5.91E+12,DarkGreen,XXL,discontinued,49
916,Webcam Webcam Stove,Clothing & Apparel,893,USD,5.31E+12,SpringGreen,L,backorder,62
917,Smart Scooter Eco Eco Advanced,Camping & Hiking,108,USD,2.36E+12,Lime,100x200 mm,backorder,24
918,Fast Scooter Scale Cooler Prime Silent,Headphones & Earbuds,77,USD,7.68E+12,DarkSlateBlue,Small,in_stock,36
919,Portable Microphone Treadmill Oven Silent,Smartwatches,408,USD,1.89E+12,Brown,10x10 cm,pre_order,9
920,Dock Dock Trimmer,Cameras & Accessories,222,USD,3.62E+12,CadetBlue,Large,discontinued,72
921,Radio Stove Shaver,Automotive,392,USD,4.28E+12,Yellow,L,discontinued,27
922,Scale,Camping & Hiking,812,USD,8.64E+11,Silver,100x200 mm,in_stock,2
923,Ultra Speaker Tablet Headphones,Fishing & Hunting,152,USD,2.88E+12,LimeGreen,50x70 cm,pre_order,27
924,Powerbank,Office Supplies,112,USD,5.93E+12,LightSteelBlue,Small,discontinued,23
925,Pro Mixer Drone Fan Fast,Cleaning Supplies,892,USD,2.75E+12,MintCream,Extra Large,in_stock,95
926,Rechargeable Lock,Fishing & Hunting,555,USD,3.27E+12,SpringGreen,M,limited_stock,43
927,Advanced Phone Max Air 360,Fishing & Hunting,297,USD,8.43E+12,Aquamarine,S,backorder,16
928,Fast Cooler Treadmill Air Digital Portable,Fragrances,979,USD,7.34E+11,Chartreuse,50x70 cm,out_of_stock,48
929,Freezer Powerbank Watch,Grooming Tools,553,USD,5.08E+12,Chocolate,S,backorder,77
930,Ultra Vacuum Fan Edge,Skincare,704,USD,7.75E+12,MediumBlue,10x10 cm,out_of_stock,40
931,Stove Monitor Tablet,Grooming Tools,417,USD,7.97E+12,Thistle,10x10 cm,in_stock,34
932,Pro Charger Monitor Brush,Cameras & Accessories,627,USD,8.55E+12,AliceBlue,Small,discontinued,1
933,Dock Speaker Phone,Grooming Tools,719,USD,7.73E+12,GreenYellow,XL,limited_stock,32
934,Clean Dock Eco Max,Shoes & Footwear,810,USD,9.78E+12,Orchid,15x20 cm,limited_stock,57
935,Automatic Microphone Camera Edge Fast,Bedding & Bath,256,USD,5.72E+12,Peru,15x20 cm,backorder,2
936,Compact Freezer Mixer,Kitchen Appliances,697,USD,7.57E+12,Linen,Small,backorder,15
937,Mini Bicycle Air Silent Fast,Fragrances,453,USD,7.96E+12,IndianRed,10x10 cm,backorder,72
938,Rechargeable Cooler Treadmill Wireless Go,Fragrances,498,USD,3.19E+12,HotPink,XL,limited_stock,85
939,Digital Dock Freezer Projector Mini One Mini,Cycling,158,USD,3.49E+12,LightPink,8x10 in,backorder,23
940,Printer Lock Thermostat,Home & Kitchen,658,USD,4.85E+12,Purple,100x200 mm,in_stock,23
941,Smart Headphones Stove,Clothing & Apparel,456,USD,7.59E+12,LightSkyBlue,Large,limited_stock,19
942,Automatic Printer Webcam Touch Air,Smartwatches,237,USD,9.92E+12,DarkSeaGreen,Medium,in_stock,63
943,Clean Vacuum Router Toaster Compact Sense,Fishing & Hunting,789,USD,2.91E+12,DarkOliveGreen,Small,pre_order,6
944,Clean Webcam Toaster 360,Furniture,189,USD,1.24E+12,Lavender,Small,discontinued,23
945,Trimmer Webcam Heater,Kids' Clothing,319,USD,5.41E+12,LightGreen,30x40 cm,backorder,6
946,Clean Grill Grill Mini Mini,Haircare,500,USD,8.65E+12,DarkViolet,L,pre_order,81
947,Wireless Blender,Home & Kitchen,909,USD,6.13E+12,PaleVioletRed,8x10 in,discontinued,51
948,Ultra Kettle Brush Fan Ultra Plus Rechargeable,Smartphones,65,USD,1.76E+12,SpringGreen,M,in_stock,74
949,Keyboard Freezer,Sports & Outdoors,256,USD,4.99E+12,Black,15x20 cm,limited_stock,1
950,Premium Light Headphones Tablet,Automotive,310,USD,1.35E+12,PowderBlue,30x40 cm,out_of_stock,84
951,Rechargeable Projector Air 360 Lite,Grooming Tools,958,USD,3.22E+12,Cyan,L,backorder,13
952,Blender Blender,Headphones & Earbuds,543,USD,2.93E+12,Cornsilk,Medium,discontinued,93
953,Radio Iron,Home Decor,688,USD,5.65E+11,BurlyWood,S,pre_order,75
954,Smart Monitor Brush Monitor Fast Premium,Camping & Hiking,74,USD,4.13E+12,ForestGreen,Large,in_stock,16
955,Smart Blender Treadmill Tablet Pro Silent Edge,Kids' Clothing,670,USD,5.69E+12,Ivory,10x10 cm,limited_stock,94
956,Smart Projector Ultra,Beauty & Personal Care,466,USD,5.42E+12,LemonChiffon,100x200 mm,backorder,15
957,Premium Heater Keyboard,Cleaning Supplies,807,USD,7.23E+12,Coral,15x20 cm,limited_stock,13
958,Smart Scooter Bicycle Oven Smart,Home & Kitchen,540,USD,4.27E+11,DodgerBlue,XL,in_stock,50
959,Rechargeable Trimmer Stove,Sports & Outdoors,893,USD,1.35E+12,DarkOrchid,5x7 in,in_stock,36
960,Premium Freezer Edge Portable X,Camping & Hiking,627,USD,2.96E+12,CornflowerBlue,Extra Large,limited_stock,18
961,Pro Speakerphone Mixer Air Touch,Grooming Tools,341,USD,7.00E+12,LightBlue,S,discontinued,71
962,Digital Camera Keyboard,Grooming Tools,406,USD,8.89E+12,Pink,Medium,in_stock,20
963,Clean Scooter Bicycle Oven Silent,Men's Clothing,337,USD,1.84E+12,IndianRed,15x20 cm,limited_stock,98
964,Silent Printer Rechargeable Prime Advanced,Books & Stationery,383,USD,5.74E+12,SlateGray,XXL,discontinued,41
965,Clean Printer Fan Smart,Laptops & Computers,235,USD,8.10E+12,Snow,XL,backorder,2
966,Wireless Projector Freezer Automatic Smart,Team Sports,544,USD,9.88E+12,IndianRed,15x20 cm,discontinued,61
967,Premium Mixer Vacuum X Clean,Women's Clothing,774,USD,5.64E+12,Lavender,30x40 cm,in_stock,4
968,Compact Keyboard Air Edge Go,Bedding & Bath,497,USD,5.42E+11,DarkSalmon,Extra Large,discontinued,26
969,Rechargeable Printer Fast,Fitness Equipment,53,USD,2.10E+12,AliceBlue,8x10 in,out_of_stock,84
970,Fast Treadmill Advanced Wireless,Cleaning Supplies,506,USD,2.23E+12,GhostWhite,100x200 mm,limited_stock,53
971,Smart Shaver Smart Sense Clean,Shoes & Footwear,272,USD,5.28E+12,CornflowerBlue,5x7 in,in_stock,95
972,Silent Treadmill Clean Rechargeable,Shoes & Footwear,709,USD,2.92E+12,SlateBlue,Small,out_of_stock,29
973,Microphone Lamp Speaker,Clothing & Apparel,14,USD,5.10E+12,MidnightBlue,10x10 cm,discontinued,6
974,Treadmill,Home & Kitchen,501,USD,6.69E+12,BlueViolet,Small,discontinued,29
975,Smart Microphone Cooler Silent Sense Advanced,Smartphones,760,USD,7.49E+12,PaleVioletRed,Extra Large,out_of_stock,14
976,Smart Scanner Drone Mini Prime Mini,Cycling,674,USD,9.38E+12,OldLace,S,out_of_stock,75
977,Clean Keyboard Toaster Monitor,Furniture,102,USD,8.78E+12,LightSkyBlue,12x18 in,discontinued,55
978,Rechargeable Cooker X,Fragrances,80,USD,5.40E+12,Lime,Small,backorder,46
979,Compact Fan Iron Cooker Go Mini,Smartphones,993,USD,3.25E+12,DarkTurquoise,100x200 mm,in_stock,28
980,Smart Watch Mini Silent Plus,Cleaning Supplies,93,USD,7.06E+12,Lime,Small,out_of_stock,48
981,Premium Router Lamp Eco Fast Advanced,Team Sports,648,USD,9.56E+12,DarkViolet,XL,backorder,84
982,Scale Clock,Camping & Hiking,249,USD,8.88E+12,MediumOrchid,XS,out_of_stock,79
983,Portable Scooter X Plus,Home Decor,453,USD,5.81E+12,Moccasin,100x200 mm,out_of_stock,95
984,Premium Camera Router Fan Max Compact Prime,Men's Clothing,897,USD,8.45E+12,LightGreen,15x20 cm,backorder,37
985,Premium Cooler Treadmill,Cycling,505,USD,9.16E+12,LavenderBlush,L,backorder,86
986,Advanced Stove Monitor Tablet,Cleaning Supplies,471,USD,8.92E+12,LightSlateGray,8x10 in,pre_order,58
987,Advanced Projector Compact Sense Mini,Toys & Games,179,USD,1.91E+12,Lavender,Large,backorder,66
988,Portable Webcam Stove Grill Edge Premium,Skincare,437,USD,1.78E+12,DarkOrange,XXL,out_of_stock,89
989,Blender Treadmill Tablet,Fitness Equipment,754,USD,1.56E+12,Linen,100x200 mm,discontinued,7
990,Advanced Heater Ultra Wireless Go,Books & Stationery,518,USD,9.09E+12,MediumAquaMarine,30x40 cm,in_stock,76
991,Pro Fan Wireless Prime,Furniture,622,USD,1.62E+12,DeepSkyBlue,XXL,discontinued,29
992,Compact Radio Light Fan Sense,Shoes & Footwear,944,USD,7.35E+12,LimeGreen,50x70 cm,backorder,1
993,Smart Radio,Home Decor,660,USD,3.85E+12,DarkMagenta,10x10 cm,pre_order,30
994,Portable Clock Drone Charger Clean Ultra,"Accessories (Bags, Hats, Belts)",562,USD,9.13E+12,LightSalmon,30x40 cm,in_stock,81
995,Compact Scale Headphones Sense Prime,Sports & Outdoors,537,USD,9.52E+12,RoyalBlue,M,in_stock,59
996,Silent Router Phone Portable Automatic,Toys & Games,903,USD,8.23E+12,MediumAquaMarine,XL,limited_stock,33
997,Digital Treadmill Clean Go,Toys & Games,8,USD,5.23E+11,PaleVioletRed,Medium,out_of_stock,9
998,Wireless Vacuum Shaver,Beauty & Personal Care,615,USD,1.89E+12,PaleVioletRed,Extra Large,pre_order,4
999,Portable Cooker Brush 360 Digital Mini,Men's Clothing,811,USD,1.68E+12,LightGreen,S,in_stock,65
1000,Smart Watch Edge Digital Sense,Kitchen Appliances,867,USD,8.70E+12,Gainsboro,50x70 cm,limited_stock,10
